date,indicator,value,new_cases,new_deaths,total_cases,total_deaths,weekly_cases,weekly_deaths,biweekly_cases,biweekly_deaths,total_vaccinations,people_vaccinated,people_fully_vaccinated,total_boosters
2020-02-27,Daily hospital occupancy,1.0,1.0,0.0,1.0,0.0,0.0,0.0,0.0,0.0,0.0,0.0,0.0,0.0
2020-02-28,Daily hospital occupancy,9.0,0.0,0.0,1.0,0.0,0.0,0.0,0.0,0.0,0.0,0.0,0.0,0.0
2020-02-29,Daily hospital occupancy,10.0,5.0,0.0,6.0,0.0,0.0,0.0,0.0,0.0,0.0,0.0,0.0,0.0
2020-03-01,Daily hospital occupancy,20.0,4.0,0.0,10.0,0.0,0.0,0.0,0.0,0.0,0.0,0.0,0.0,0.0
2020-03-02,Daily hospital occupancy,34.0,8.0,0.0,18.0,0.0,0.0,0.0,0.0,0.0,0.0,0.0,0.0,0.0
2020-03-03,Daily hospital occupancy,40.0,6.0,0.0,24.0,0.0,24.0,0.0,0.0,0.0,0.0,0.0,0.0,0.0
2020-03-04,Daily hospital occupancy,53.0,14.0,0.0,38.0,0.0,38.0,0.0,0.0,0.0,0.0,0.0,0.0,0.0
2020-03-05,Daily hospital occupancy,65.0,44.0,0.0,82.0,0.0,81.0,0.0,0.0,0.0,0.0,0.0,0.0,0.0
2020-03-06,Daily hospital occupancy,77.0,46.0,1.0,128.0,1.0,127.0,1.0,0.0,0.0,0.0,0.0,0.0,0.0
2020-03-07,Daily hospital occupancy,93.0,60.0,0.0,188.0,1.0,182.0,1.0,0.0,0.0,0.0,0.0,0.0,0.0
2020-03-08,Daily hospital occupancy,108.0,77.0,2.0,265.0,3.0,255.0,3.0,0.0,0.0,0.0,0.0,0.0,0.0
2020-03-09,Daily hospital occupancy,141.0,56.0,0.0,321.0,3.0,303.0,3.0,0.0,0.0,0.0,0.0,0.0,0.0
2020-03-10,Daily hospital occupancy,174.0,61.0,1.0,382.0,4.0,358.0,4.0,382.0,4.0,0.0,0.0,0.0,0.0
2020-03-11,Daily hospital occupancy,215.0,121.0,1.0,503.0,5.0,465.0,5.0,503.0,5.0,0.0,0.0,0.0,0.0
2020-03-12,Daily hospital occupancy,283.0,0.0,0.0,503.0,5.0,421.0,5.0,502.0,5.0,0.0,0.0,0.0,0.0
2020-03-13,Daily hospital occupancy,350.0,301.0,5.0,804.0,10.0,676.0,9.0,803.0,10.0,0.0,0.0,0.0,0.0
2020-03-14,Daily hospital occupancy,424.0,155.0,2.0,959.0,12.0,771.0,11.0,953.0,12.0,0.0,0.0,0.0,0.0
2020-03-15,Daily hospital occupancy,500.0,176.0,8.0,1135.0,20.0,870.0,17.0,1125.0,20.0,0.0,0.0,0.0,0.0
2020-03-16,Daily hospital occupancy,636.0,278.0,4.0,1413.0,24.0,1092.0,21.0,1395.0,24.0,0.0,0.0,0.0,0.0
2020-03-17,Daily hospital occupancy,775.0,292.0,19.0,1705.0,43.0,1323.0,39.0,1681.0,43.0,0.0,0.0,0.0,0.0
2020-03-18,Daily hospital occupancy,966.0,346.0,15.0,2051.0,58.0,1548.0,53.0,2013.0,58.0,0.0,0.0,0.0,0.0
2020-03-19,Daily hospital occupancy,1234.0,409.0,18.0,2460.0,76.0,1957.0,71.0,2378.0,76.0,0.0,0.0,0.0,0.0
2020-03-20,Daily hospital occupancy,1482.0,535.0,30.0,2995.0,106.0,2191.0,96.0,2867.0,105.0,0.0,0.0,0.0,0.0
2020-03-21,Daily hospital occupancy,1671.0,637.0,30.0,3632.0,136.0,2673.0,124.0,3444.0,135.0,0.0,0.0,0.0,0.0
2020-03-22,Daily hospital occupancy,1871.0,573.0,43.0,4205.0,179.0,3070.0,159.0,3940.0,176.0,0.0,0.0,0.0,0.0
2020-03-23,Daily hospital occupancy,2244.0,546.0,34.0,4751.0,213.0,3338.0,189.0,4430.0,210.0,0.0,0.0,0.0,0.0
2020-03-24,Daily hospital occupancy,2544.0,811.0,63.0,5562.0,276.0,3857.0,233.0,5180.0,272.0,0.0,0.0,0.0,0.0
2020-03-25,Daily hospital occupancy,2811.0,853.0,80.0,6415.0,356.0,4364.0,298.0,5912.0,351.0,0.0,0.0,0.0,0.0
2020-03-26,Daily hospital occupancy,2952.0,1019.0,78.0,7434.0,434.0,4974.0,358.0,6931.0,429.0,0.0,0.0,0.0,0.0
2020-03-27,Daily hospital occupancy,3226.0,1172.0,112.0,8606.0,546.0,5611.0,440.0,7802.0,536.0,0.0,0.0,0.0,0.0
2020-03-28,Daily hospital occupancy,3284.0,1159.0,93.0,9765.0,639.0,6133.0,503.0,8806.0,627.0,0.0,0.0,0.0,0.0
2020-03-29,Daily hospital occupancy,3284.0,1107.0,132.0,10872.0,771.0,6667.0,592.0,9737.0,751.0,0.0,0.0,0.0,0.0
2020-03-30,Daily hospital occupancy,3232.0,884.0,93.0,11756.0,864.0,7005.0,651.0,10343.0,840.0,0.0,0.0,0.0,0.0
2020-03-31,Daily hospital occupancy,3095.0,845.0,175.0,12601.0,1039.0,7039.0,763.0,10896.0,996.0,0.0,0.0,0.0,0.0
2020-04-01,Daily hospital occupancy,2945.0,1029.0,135.0,13630.0,1174.0,7215.0,818.0,11579.0,1116.0,0.0,0.0,0.0,0.0
2020-04-02,Daily hospital occupancy,2807.0,1085.0,166.0,14715.0,1340.0,7281.0,906.0,12255.0,1264.0,0.0,0.0,0.0,0.0
2020-04-03,Daily hospital occupancy,2531.0,1031.0,149.0,15746.0,1489.0,7140.0,943.0,12751.0,1383.0,0.0,0.0,0.0,0.0
2020-04-04,Daily hospital occupancy,2570.0,904.0,166.0,16650.0,1655.0,6885.0,1016.0,13018.0,1519.0,0.0,0.0,0.0,0.0
2020-04-05,Daily hospital occupancy,2270.0,1226.0,115.0,17876.0,1770.0,7004.0,999.0,13671.0,1591.0,0.0,0.0,0.0,0.0
2020-04-06,Daily hospital occupancy,2912.0,964.0,103.0,18840.0,1873.0,7084.0,1009.0,14089.0,1660.0,0.0,0.0,0.0,0.0
2020-04-07,Daily hospital occupancy,2713.0,780.0,234.0,19620.0,2107.0,7019.0,1068.0,14058.0,1831.0,0.0,0.0,0.0,0.0
2020-04-08,Daily hospital occupancy,2864.0,969.0,147.0,20589.0,2254.0,6959.0,1080.0,14174.0,1898.0,0.0,0.0,0.0,0.0
2020-04-09,Daily hospital occupancy,2733.0,1216.0,148.0,21805.0,2402.0,7090.0,1062.0,14371.0,1968.0,0.0,0.0,0.0,0.0
2020-04-10,Daily hospital occupancy,2675.0,1342.0,117.0,23147.0,2519.0,7401.0,1030.0,14541.0,1973.0,0.0,0.0,0.0,0.0
2020-04-11,Daily hospital occupancy,2685.0,1316.0,133.0,24463.0,2652.0,7813.0,997.0,14698.0,2013.0,0.0,0.0,0.0,0.0
2020-04-12,Daily hospital occupancy,2532.0,1174.0,94.0,25637.0,2746.0,7761.0,976.0,14765.0,1975.0,0.0,0.0,0.0,0.0
2020-04-13,Daily hospital occupancy,2415.0,964.0,86.0,26601.0,2832.0,7761.0,959.0,14845.0,1968.0,0.0,0.0,0.0,0.0
2020-04-14,Daily hospital occupancy,2391.0,870.0,122.0,27471.0,2954.0,7851.0,847.0,14870.0,1915.0,0.0,0.0,0.0,0.0
2020-04-15,Daily hospital occupancy,2355.0,735.0,189.0,28206.0,3143.0,7617.0,889.0,14576.0,1969.0,0.0,0.0,0.0,0.0
2020-04-16,Daily hospital occupancy,2377.0,1065.0,181.0,29271.0,3324.0,7466.0,922.0,14556.0,1984.0,0.0,0.0,0.0,0.0
2020-04-17,Daily hospital occupancy,2286.0,1235.0,144.0,30506.0,3468.0,7359.0,949.0,14760.0,1979.0,0.0,0.0,0.0,0.0
2020-04-18,Daily hospital occupancy,2266.0,1147.0,142.0,31653.0,3610.0,7190.0,958.0,15003.0,1955.0,0.0,0.0,0.0,0.0
2020-04-19,Daily hospital occupancy,2149.0,1069.0,84.0,32722.0,3694.0,7085.0,948.0,14846.0,1924.0,0.0,0.0,0.0,0.0
2020-04-20,Daily hospital occupancy,2165.0,750.0,67.0,33472.0,3761.0,6871.0,929.0,14632.0,1888.0,0.0,0.0,0.0,0.0
2020-04-21,Daily hospital occupancy,2157.0,729.0,165.0,34201.0,3926.0,6730.0,972.0,14581.0,1819.0,0.0,0.0,0.0,0.0
2020-04-22,Daily hospital occupancy,2069.0,712.0,139.0,34913.0,4065.0,6707.0,922.0,14324.0,1811.0,0.0,0.0,0.0,0.0
2020-04-23,Daily hospital occupancy,1856.0,889.0,124.0,35802.0,4189.0,6531.0,865.0,13997.0,1787.0,0.0,0.0,0.0,0.0
2020-04-24,Daily hospital occupancy,1765.0,806.0,112.0,36608.0,4301.0,6102.0,833.0,13461.0,1782.0,0.0,0.0,0.0,0.0
2020-04-25,Daily hospital occupancy,1746.0,655.0,120.0,37263.0,4421.0,5610.0,811.0,12800.0,1769.0,0.0,0.0,0.0,0.0
2020-04-26,Daily hospital occupancy,1704.0,656.0,67.0,37919.0,4488.0,5197.0,794.0,12282.0,1742.0,0.0,0.0,0.0,0.0
2020-04-27,Daily hospital occupancy,1626.0,400.0,43.0,38319.0,4531.0,4847.0,770.0,11718.0,1699.0,0.0,0.0,0.0,0.0
2020-04-28,Daily hospital occupancy,1569.0,172.0,48.0,38491.0,4579.0,4290.0,653.0,11020.0,1625.0,0.0,0.0,0.0,0.0
2020-04-29,Daily hospital occupancy,1575.0,386.0,145.0,38877.0,4724.0,3964.0,659.0,10671.0,1581.0,0.0,0.0,0.0,0.0
2020-04-30,Daily hospital occupancy,1471.0,514.0,84.0,39391.0,4808.0,3589.0,619.0,10120.0,1484.0,0.0,0.0,0.0,0.0
2020-05-01,Daily hospital occupancy,1468.0,476.0,98.0,39867.0,4906.0,3259.0,605.0,9361.0,1438.0,0.0,0.0,0.0,0.0
2020-05-02,Daily hospital occupancy,1494.0,445.0,94.0,40312.0,5000.0,3049.0,579.0,8659.0,1390.0,0.0,0.0,0.0,0.0
2020-05-03,Daily hospital occupancy,1380.0,335.0,69.0,40647.0,5069.0,2728.0,581.0,7925.0,1375.0,0.0,0.0,0.0,0.0
2020-05-04,Daily hospital occupancy,1333.0,199.0,26.0,40846.0,5095.0,2527.0,564.0,7374.0,1334.0,0.0,0.0,0.0,0.0
2020-05-05,Daily hospital occupancy,1333.0,317.0,87.0,41163.0,5182.0,2672.0,603.0,6962.0,1256.0,0.0,0.0,0.0,0.0
2020-05-06,Daily hospital occupancy,1352.0,232.0,36.0,41395.0,5218.0,2518.0,494.0,6482.0,1153.0,0.0,0.0,0.0,0.0
2020-05-07,Daily hospital occupancy,1286.0,455.0,84.0,41850.0,5302.0,2459.0,494.0,6048.0,1113.0,0.0,0.0,0.0,0.0
2020-05-08,Daily hospital occupancy,1189.0,319.0,71.0,42169.0,5373.0,2302.0,467.0,5561.0,1072.0,0.0,0.0,0.0,0.0
2020-05-09,Daily hospital occupancy,1132.0,289.0,64.0,42458.0,5437.0,2146.0,437.0,5195.0,1016.0,0.0,0.0,0.0,0.0
2020-05-10,Daily hospital occupancy,1054.0,245.0,18.0,42703.0,5455.0,2056.0,386.0,4784.0,967.0,0.0,0.0,0.0,0.0
2020-05-11,Daily hospital occupancy,1118.0,161.0,16.0,42864.0,5471.0,2018.0,376.0,4545.0,940.0,0.0,0.0,0.0,0.0
2020-05-12,Daily hospital occupancy,1110.0,196.0,54.0,43060.0,5525.0,1897.0,343.0,4569.0,946.0,0.0,0.0,0.0,0.0
2020-05-13,Daily hospital occupancy,1031.0,227.0,52.0,43287.0,5577.0,1892.0,359.0,4410.0,853.0,0.0,0.0,0.0,0.0
2020-05-14,Daily hospital occupancy,1029.0,270.0,28.0,43557.0,5605.0,1707.0,303.0,4166.0,797.0,0.0,0.0,0.0,0.0
2020-05-15,Daily hospital occupancy,981.0,200.0,53.0,43757.0,5658.0,1588.0,285.0,3890.0,752.0,0.0,0.0,0.0,0.0
2020-05-16,Daily hospital occupancy,971.0,190.0,27.0,43947.0,5685.0,1489.0,248.0,3635.0,685.0,0.0,0.0,0.0,0.0
2020-05-17,Daily hospital occupancy,919.0,125.0,10.0,44072.0,5695.0,1369.0,240.0,3425.0,626.0,0.0,0.0,0.0,0.0
2020-05-18,Daily hospital occupancy,909.0,146.0,14.0,44218.0,5709.0,1354.0,238.0,3372.0,614.0,0.0,0.0,0.0,0.0
2020-05-19,Daily hospital occupancy,933.0,108.0,21.0,44326.0,5730.0,1266.0,205.0,3163.0,548.0,0.0,0.0,0.0,0.0
2020-05-20,Daily hospital occupancy,922.0,198.0,33.0,44524.0,5763.0,1237.0,186.0,3129.0,545.0,0.0,0.0,0.0,0.0
2020-05-21,Daily hospital occupancy,911.0,253.0,27.0,44777.0,5790.0,1220.0,185.0,2927.0,488.0,0.0,0.0,0.0,0.0
2020-05-22,Daily hospital occupancy,863.0,188.0,13.0,44965.0,5803.0,1208.0,145.0,2796.0,430.0,0.0,0.0,0.0,0.0
2020-05-23,Daily hospital occupancy,811.0,176.0,23.0,45141.0,5826.0,1194.0,141.0,2683.0,389.0,0.0,0.0,0.0,0.0
2020-05-24,Daily hospital occupancy,730.0,172.0,11.0,45313.0,5837.0,1241.0,142.0,2610.0,382.0,0.0,0.0,0.0,0.0
2020-05-25,Daily hospital occupancy,756.0,209.0,8.0,45522.0,5845.0,1304.0,136.0,2658.0,374.0,0.0,0.0,0.0,0.0
2020-05-26,Daily hospital occupancy,698.0,133.0,26.0,45655.0,5871.0,1329.0,141.0,2595.0,346.0,0.0,0.0,0.0,0.0
2020-05-27,Daily hospital occupancy,723.0,190.0,15.0,45845.0,5886.0,1321.0,123.0,2558.0,309.0,0.0,0.0,0.0,0.0
2020-05-28,Daily hospital occupancy,695.0,182.0,32.0,46027.0,5918.0,1250.0,128.0,2470.0,313.0,0.0,0.0,0.0,0.0
2020-05-29,Daily hospital occupancy,618.0,176.0,28.0,46203.0,5946.0,1238.0,143.0,2446.0,288.0,0.0,0.0,0.0,0.0
2020-05-30,Daily hospital occupancy,589.0,131.0,20.0,46334.0,5966.0,1193.0,140.0,2387.0,281.0,0.0,0.0,0.0,0.0
2020-05-31,Daily hospital occupancy,544.0,185.0,5.0,46519.0,5971.0,1206.0,134.0,2447.0,276.0,0.0,0.0,0.0,0.0
2020-06-01,Daily hospital occupancy,542.0,103.0,6.0,46622.0,5977.0,1100.0,132.0,2404.0,268.0,0.0,0.0,0.0,0.0
2020-06-02,Daily hospital occupancy,516.0,102.0,5.0,46724.0,5982.0,1069.0,111.0,2398.0,252.0,0.0,0.0,0.0,0.0
2020-06-03,Daily hospital occupancy,496.0,86.0,10.0,46810.0,5992.0,965.0,106.0,2286.0,229.0,0.0,0.0,0.0,0.0
2020-06-04,Daily hospital occupancy,481.0,209.0,13.0,47019.0,6005.0,992.0,87.0,2242.0,215.0,0.0,0.0,0.0,0.0
2020-06-05,Daily hospital occupancy,469.0,210.0,15.0,47229.0,6020.0,1026.0,74.0,2264.0,217.0,0.0,0.0,0.0,0.0
2020-06-06,Daily hospital occupancy,456.0,183.0,6.0,47412.0,6026.0,1078.0,60.0,2271.0,200.0,0.0,0.0,0.0,0.0
2020-06-07,Daily hospital occupancy,443.0,239.0,2.0,47651.0,6028.0,1132.0,57.0,2338.0,191.0,0.0,0.0,0.0,0.0
2020-06-08,Daily hospital occupancy,400.0,165.0,3.0,47816.0,6031.0,1194.0,54.0,2294.0,186.0,0.0,0.0,0.0,0.0
2020-06-09,Daily hospital occupancy,346.0,164.0,15.0,47980.0,6046.0,1256.0,64.0,2325.0,175.0,0.0,0.0,0.0,0.0
2020-06-10,Daily hospital occupancy,333.0,184.0,11.0,48164.0,6057.0,1354.0,65.0,2319.0,171.0,0.0,0.0,0.0,0.0
2020-06-11,Daily hospital occupancy,297.0,164.0,2.0,48328.0,6059.0,1309.0,54.0,2301.0,141.0,0.0,0.0,0.0,0.0
2020-06-12,Daily hospital occupancy,279.0,210.0,9.0,48538.0,6068.0,1309.0,48.0,2335.0,122.0,0.0,0.0,0.0,0.0
2020-06-13,Daily hospital occupancy,289.0,179.0,4.0,48717.0,6072.0,1305.0,46.0,2383.0,106.0,0.0,0.0,0.0,0.0
2020-06-14,Daily hospital occupancy,277.0,143.0,2.0,48860.0,6074.0,1209.0,46.0,2341.0,103.0,0.0,0.0,0.0,0.0
2020-06-15,Daily hospital occupancy,281.0,165.0,6.0,49025.0,6080.0,1209.0,49.0,2403.0,103.0,0.0,0.0,0.0,0.0
2020-06-16,Daily hospital occupancy,280.0,139.0,5.0,49164.0,6085.0,1184.0,39.0,2440.0,103.0,0.0,0.0,0.0,0.0
2020-06-17,Daily hospital occupancy,289.0,117.0,4.0,49281.0,6089.0,1117.0,32.0,2471.0,97.0,0.0,0.0,0.0,0.0
2020-06-18,Daily hospital occupancy,261.0,115.0,4.0,49396.0,6093.0,1068.0,34.0,2377.0,88.0,0.0,0.0,0.0,0.0
2020-06-19,Daily hospital occupancy,235.0,107.0,3.0,49503.0,6096.0,965.0,28.0,2274.0,76.0,0.0,0.0,0.0,0.0
2020-06-20,Daily hospital occupancy,220.0,76.0,8.0,49579.0,6104.0,862.0,32.0,2167.0,78.0,0.0,0.0,0.0,0.0
2020-06-21,Daily hospital occupancy,221.0,91.0,1.0,49670.0,6105.0,810.0,31.0,2019.0,77.0,0.0,0.0,0.0,0.0
2020-06-22,Daily hospital occupancy,194.0,65.0,0.0,49735.0,6105.0,710.0,25.0,1919.0,74.0,0.0,0.0,0.0,0.0
2020-06-23,Daily hospital occupancy,211.0,64.0,5.0,49799.0,6110.0,635.0,25.0,1819.0,64.0,0.0,0.0,0.0,0.0
2020-06-24,Daily hospital occupancy,197.0,82.0,2.0,49881.0,6112.0,600.0,23.0,1717.0,55.0,0.0,0.0,0.0,0.0
2020-06-25,Daily hospital occupancy,178.0,110.0,3.0,49991.0,6115.0,595.0,22.0,1663.0,56.0,0.0,0.0,0.0,0.0
2020-06-26,Daily hospital occupancy,190.0,91.0,3.0,50082.0,6118.0,579.0,22.0,1544.0,50.0,0.0,0.0,0.0,0.0
2020-06-27,Daily hospital occupancy,180.0,69.0,2.0,50151.0,6120.0,572.0,16.0,1434.0,48.0,0.0,0.0,0.0,0.0
2020-06-28,Daily hospital occupancy,178.0,73.0,0.0,50224.0,6120.0,554.0,15.0,1364.0,46.0,0.0,0.0,0.0,0.0
2020-06-29,Daily hospital occupancy,157.0,76.0,2.0,50300.0,6122.0,565.0,17.0,1275.0,42.0,0.0,0.0,0.0,0.0
2020-06-30,Daily hospital occupancy,160.0,50.0,6.0,50350.0,6128.0,551.0,18.0,1186.0,43.0,0.0,0.0,0.0,0.0
2020-07-01,Daily hospital occupancy,150.0,62.0,2.0,50412.0,6130.0,531.0,18.0,1131.0,41.0,0.0,0.0,0.0,0.0
2020-07-02,Daily hospital occupancy,125.0,77.0,3.0,50489.0,6133.0,498.0,18.0,1093.0,40.0,0.0,0.0,0.0,0.0
2020-07-03,Daily hospital occupancy,103.0,75.0,2.0,50564.0,6135.0,482.0,17.0,1061.0,39.0,0.0,0.0,0.0,0.0
2020-07-04,Daily hospital occupancy,75.0,62.0,6.0,50626.0,6141.0,475.0,21.0,1047.0,37.0,0.0,0.0,0.0,0.0
2020-07-05,Daily hospital occupancy,87.0,73.0,1.0,50699.0,6142.0,475.0,22.0,1029.0,37.0,0.0,0.0,0.0,0.0
2020-07-06,Daily hospital occupancy,81.0,36.0,1.0,50735.0,6143.0,435.0,21.0,1000.0,38.0,0.0,0.0,0.0,0.0
2020-07-07,Daily hospital occupancy,79.0,37.0,4.0,50772.0,6147.0,422.0,19.0,973.0,37.0,0.0,0.0,0.0,0.0
2020-07-08,Daily hospital occupancy,74.0,52.0,3.0,50824.0,6150.0,412.0,20.0,943.0,38.0,0.0,0.0,0.0,0.0
2020-07-09,Daily hospital occupancy,70.0,52.0,2.0,50876.0,6152.0,387.0,19.0,885.0,37.0,0.0,0.0,0.0,0.0
2020-07-10,Daily hospital occupancy,69.0,42.0,-1.0,50918.0,6151.0,354.0,16.0,836.0,33.0,0.0,0.0,0.0,0.0
2020-07-11,Daily hospital occupancy,77.0,81.0,1.0,50999.0,6152.0,373.0,11.0,848.0,32.0,0.0,0.0,0.0,0.0
2020-07-12,Daily hospital occupancy,83.0,101.0,0.0,51100.0,6152.0,401.0,10.0,876.0,32.0,0.0,0.0,0.0,0.0
2020-07-13,Daily hospital occupancy,94.0,71.0,0.0,51171.0,6152.0,436.0,9.0,871.0,30.0,0.0,0.0,0.0,0.0
2020-07-14,Daily hospital occupancy,94.0,53.0,-2.0,51224.0,6150.0,452.0,3.0,874.0,22.0,0.0,0.0,0.0,0.0
2020-07-15,Daily hospital occupancy,85.0,106.0,1.0,51330.0,6151.0,506.0,1.0,918.0,21.0,0.0,0.0,0.0,0.0
2020-07-16,Daily hospital occupancy,80.0,99.0,1.0,51429.0,6152.0,553.0,0.0,940.0,19.0,0.0,0.0,0.0,0.0
2020-07-17,Daily hospital occupancy,73.0,104.0,1.0,51533.0,6153.0,615.0,2.0,969.0,18.0,0.0,0.0,0.0,0.0
2020-07-18,Daily hospital occupancy,78.0,127.0,-2.0,51660.0,6151.0,661.0,-1.0,1034.0,10.0,0.0,0.0,0.0,0.0
2020-07-19,Daily hospital occupancy,73.0,144.0,0.0,51804.0,6151.0,704.0,-1.0,1105.0,9.0,0.0,0.0,0.0,0.0
2020-07-20,Daily hospital occupancy,81.0,185.0,0.0,51989.0,6151.0,818.0,-1.0,1254.0,8.0,0.0,0.0,0.0,0.0
2020-07-21,Daily hospital occupancy,90.0,163.0,0.0,52152.0,6151.0,928.0,1.0,1380.0,4.0,0.0,0.0,0.0,0.0
2020-07-22,Daily hospital occupancy,85.0,168.0,3.0,52320.0,6154.0,990.0,3.0,1496.0,4.0,0.0,0.0,0.0,0.0
2020-07-23,Daily hospital occupancy,91.0,165.0,0.0,52485.0,6154.0,1056.0,2.0,1609.0,2.0,0.0,0.0,0.0,0.0
2020-07-24,Daily hospital occupancy,74.0,194.0,0.0,52679.0,6154.0,1146.0,1.0,1761.0,3.0,0.0,0.0,0.0,0.0
2020-07-25,Daily hospital occupancy,91.0,146.0,1.0,52825.0,6155.0,1165.0,4.0,1826.0,3.0,0.0,0.0,0.0,0.0
2020-07-26,Daily hospital occupancy,67.0,294.0,19.0,53119.0,6174.0,1315.0,23.0,2019.0,22.0,0.0,0.0,0.0,0.0
2020-07-27,Daily hospital occupancy,70.0,146.0,-18.0,53265.0,6156.0,1276.0,5.0,2094.0,4.0,0.0,0.0,0.0,0.0
2020-07-28,Daily hospital occupancy,77.0,223.0,4.0,53488.0,6160.0,1336.0,9.0,2264.0,10.0,0.0,0.0,0.0,0.0
2020-07-29,Daily hospital occupancy,63.0,248.0,2.0,53736.0,6162.0,1416.0,8.0,2406.0,11.0,0.0,0.0,0.0,0.0
2020-07-30,Daily hospital occupancy,66.0,353.0,0.0,54089.0,6162.0,1604.0,8.0,2660.0,10.0,0.0,0.0,0.0,0.0
2020-07-31,Daily hospital occupancy,73.0,340.0,0.0,54429.0,6162.0,1750.0,8.0,2896.0,9.0,0.0,0.0,0.0,0.0
2020-08-01,Daily hospital occupancy,67.0,431.0,1.0,54860.0,6163.0,2035.0,8.0,3200.0,12.0,0.0,0.0,0.0,0.0
2020-08-02,Daily hospital occupancy,70.0,384.0,2.0,55244.0,6165.0,2125.0,-9.0,3440.0,14.0,0.0,0.0,0.0,0.0
2020-08-03,Daily hospital occupancy,82.0,376.0,0.0,55620.0,6165.0,2355.0,9.0,3631.0,14.0,0.0,0.0,0.0,0.0
2020-08-04,Daily hospital occupancy,83.0,485.0,1.0,56105.0,6166.0,2617.0,6.0,3953.0,15.0,0.0,0.0,0.0,0.0
2020-08-05,Daily hospital occupancy,88.0,432.0,3.0,56537.0,6169.0,2801.0,7.0,4217.0,15.0,0.0,0.0,0.0,0.0
2020-08-06,Daily hospital occupancy,79.0,621.0,0.0,57158.0,6169.0,3069.0,7.0,4673.0,15.0,0.0,0.0,0.0,0.0
2020-08-07,Daily hospital occupancy,78.0,519.0,1.0,57677.0,6170.0,3248.0,8.0,4998.0,16.0,0.0,0.0,0.0,0.0
2020-08-08,Daily hospital occupancy,79.0,487.0,4.0,58164.0,6174.0,3304.0,11.0,5339.0,19.0,0.0,0.0,0.0,0.0
2020-08-09,Daily hospital occupancy,87.0,589.0,0.0,58753.0,6174.0,3509.0,9.0,5634.0,0.0,0.0,0.0,0.0,0.0
2020-08-10,Daily hospital occupancy,99.0,630.0,0.0,59383.0,6174.0,3763.0,9.0,6118.0,18.0,0.0,0.0,0.0,0.0
2020-08-11,Daily hospital occupancy,97.0,246.0,-16.0,59629.0,6158.0,3524.0,-8.0,6141.0,-2.0,0.0,0.0,0.0,0.0
2020-08-12,Daily hospital occupancy,117.0,1246.0,20.0,60875.0,6178.0,4338.0,9.0,7139.0,16.0,0.0,0.0,0.0,0.0
2020-08-13,Daily hospital occupancy,127.0,592.0,4.0,61467.0,6182.0,4309.0,13.0,7378.0,20.0,0.0,0.0,0.0,0.0
2020-08-14,Daily hospital occupancy,120.0,642.0,2.0,62109.0,6184.0,4432.0,14.0,7680.0,22.0,0.0,0.0,0.0,0.0
2020-08-15,Daily hospital occupancy,124.0,686.0,2.0,62795.0,6186.0,4631.0,12.0,7935.0,23.0,0.0,0.0,0.0,0.0
2020-08-16,Daily hospital occupancy,122.0,524.0,3.0,63319.0,6189.0,4566.0,15.0,8075.0,24.0,0.0,0.0,0.0,0.0
2020-08-17,Daily hospital occupancy,126.0,491.0,0.0,63810.0,6189.0,4427.0,15.0,8190.0,24.0,0.0,0.0,0.0,0.0
2020-08-18,Daily hospital occupancy,129.0,496.0,3.0,64306.0,6192.0,4677.0,34.0,8201.0,26.0,0.0,0.0,0.0,0.0
2020-08-19,Daily hospital occupancy,125.0,567.0,6.0,64873.0,6198.0,3998.0,20.0,8336.0,29.0,0.0,0.0,0.0,0.0
2020-08-20,Daily hospital occupancy,138.0,534.0,10.0,65407.0,6208.0,3940.0,26.0,8249.0,39.0,0.0,0.0,0.0,0.0
2020-08-21,Daily hospital occupancy,133.0,535.0,4.0,65942.0,6212.0,3833.0,28.0,8265.0,42.0,0.0,0.0,0.0,0.0
2020-08-22,Daily hospital occupancy,131.0,523.0,5.0,66465.0,6217.0,3670.0,31.0,8301.0,43.0,0.0,0.0,0.0,0.0
2020-08-23,Daily hospital occupancy,129.0,485.0,0.0,66950.0,6217.0,3631.0,28.0,8197.0,43.0,0.0,0.0,0.0,0.0
2020-08-24,Daily hospital occupancy,121.0,586.0,2.0,67536.0,6219.0,3726.0,30.0,8153.0,45.0,0.0,0.0,0.0,0.0
2020-08-25,Daily hospital occupancy,120.0,415.0,5.0,67951.0,6224.0,3645.0,32.0,8322.0,66.0,0.0,0.0,0.0,0.0
2020-08-26,Daily hospital occupancy,120.0,605.0,8.0,68556.0,6232.0,3683.0,34.0,7681.0,54.0,0.0,0.0,0.0,0.0
2020-08-27,Daily hospital occupancy,107.0,512.0,3.0,69068.0,6235.0,3661.0,27.0,7601.0,53.0,0.0,0.0,0.0,0.0
2020-08-28,Daily hospital occupancy,100.0,507.0,2.0,69575.0,6237.0,3633.0,25.0,7466.0,53.0,0.0,0.0,0.0,0.0
2020-08-29,Daily hospital occupancy,96.0,501.0,4.0,70076.0,6241.0,3611.0,24.0,7281.0,55.0,0.0,0.0,0.0,0.0
2020-08-30,Daily hospital occupancy,94.0,524.0,0.0,70600.0,6241.0,3650.0,24.0,7281.0,52.0,0.0,0.0,0.0,0.0
2020-08-31,Daily hospital occupancy,94.0,543.0,0.0,71143.0,6241.0,3607.0,22.0,7333.0,52.0,0.0,0.0,0.0,0.0
2020-09-01,Daily hospital occupancy,93.0,468.0,8.0,71611.0,6249.0,3660.0,25.0,7305.0,57.0,0.0,0.0,0.0,0.0
2020-09-02,Daily hospital occupancy,90.0,747.0,5.0,72358.0,6254.0,3802.0,22.0,7485.0,56.0,0.0,0.0,0.0,0.0
2020-09-03,Daily hospital occupancy,95.0,610.0,0.0,72968.0,6254.0,3900.0,19.0,7561.0,46.0,0.0,0.0,0.0,0.0
2020-09-04,Daily hospital occupancy,95.0,751.0,2.0,73719.0,6256.0,4144.0,19.0,7777.0,44.0,0.0,0.0,0.0,0.0
2020-09-05,Daily hospital occupancy,99.0,654.0,4.0,74373.0,6260.0,4297.0,19.0,7908.0,43.0,0.0,0.0,0.0,0.0
2020-09-06,Daily hospital occupancy,105.0,925.0,2.0,75298.0,6262.0,4698.0,21.0,8348.0,45.0,0.0,0.0,0.0,0.0
2020-09-07,Daily hospital occupancy,109.0,802.0,0.0,76100.0,6262.0,4957.0,21.0,8564.0,43.0,0.0,0.0,0.0,0.0
2020-09-08,Daily hospital occupancy,116.0,975.0,1.0,77075.0,6263.0,5464.0,14.0,9124.0,39.0,0.0,0.0,0.0,0.0
2020-09-09,Daily hospital occupancy,122.0,1143.0,2.0,78218.0,6265.0,5860.0,11.0,9662.0,33.0,0.0,0.0,0.0,0.0
2020-09-10,Daily hospital occupancy,131.0,823.0,3.0,79041.0,6268.0,6073.0,14.0,9973.0,33.0,0.0,0.0,0.0,0.0
2020-09-11,Daily hospital occupancy,136.0,1271.0,3.0,80312.0,6271.0,6593.0,15.0,10737.0,34.0,0.0,0.0,0.0,0.0
2020-09-12,Daily hospital occupancy,138.0,1233.0,1.0,81545.0,6272.0,7172.0,12.0,11469.0,31.0,0.0,0.0,0.0,0.0
2020-09-13,Daily hospital occupancy,148.0,1103.0,1.0,82648.0,6273.0,7350.0,11.0,12048.0,32.0,0.0,0.0,0.0,0.0
2020-09-14,Daily hospital occupancy,166.0,1300.0,2.0,83948.0,6275.0,7848.0,13.0,12805.0,34.0,0.0,0.0,0.0,0.0
2020-09-15,Daily hospital occupancy,187.0,1379.0,2.0,85327.0,6277.0,8252.0,14.0,13716.0,28.0,0.0,0.0,0.0,0.0
2020-09-16,Daily hospital occupancy,191.0,1550.0,2.0,86877.0,6279.0,8659.0,14.0,14519.0,25.0,0.0,0.0,0.0,0.0
2020-09-17,Daily hospital occupancy,212.0,1761.0,6.0,88638.0,6285.0,9597.0,17.0,15670.0,31.0,0.0,0.0,0.0,0.0
2020-09-18,Daily hospital occupancy,230.0,1983.0,8.0,90621.0,6293.0,10309.0,22.0,16902.0,37.0,0.0,0.0,0.0,0.0
2020-09-19,Daily hospital occupancy,260.0,1897.0,2.0,92518.0,6295.0,10973.0,23.0,18145.0,35.0,0.0,0.0,0.0,0.0
2020-09-20,Daily hospital occupancy,276.0,1844.0,4.0,94362.0,6299.0,11714.0,26.0,19064.0,37.0,0.0,0.0,0.0,0.0
2020-09-21,Daily hospital occupancy,325.0,2224.0,2.0,96586.0,6301.0,12638.0,26.0,20486.0,39.0,0.0,0.0,0.0,0.0
2020-09-22,Daily hospital occupancy,329.0,2248.0,10.0,98834.0,6311.0,13507.0,34.0,21759.0,48.0,0.0,0.0,0.0,0.0
2020-09-23,Daily hospital occupancy,371.0,2379.0,6.0,101213.0,6317.0,14336.0,38.0,22995.0,52.0,0.0,0.0,0.0,0.0
2020-09-24,Daily hospital occupancy,395.0,2546.0,17.0,103759.0,6334.0,15121.0,49.0,24718.0,66.0,0.0,0.0,0.0,0.0
2020-09-25,Daily hospital occupancy,431.0,2786.0,16.0,106545.0,6350.0,15924.0,57.0,26233.0,79.0,0.0,0.0,0.0,0.0
2020-09-26,Daily hospital occupancy,433.0,2719.0,38.0,109264.0,6388.0,16746.0,93.0,27719.0,116.0,0.0,0.0,0.0,0.0
2020-09-27,Daily hospital occupancy,490.0,3006.0,8.0,112270.0,6396.0,17908.0,97.0,29622.0,123.0,0.0,0.0,0.0,0.0
2020-09-28,Daily hospital occupancy,518.0,2915.0,6.0,115185.0,6402.0,18599.0,101.0,31237.0,127.0,0.0,0.0,0.0,0.0
2020-09-29,Daily hospital occupancy,551.0,3025.0,13.0,118210.0,6415.0,19376.0,104.0,32883.0,138.0,0.0,0.0,0.0,0.0
2020-09-30,Daily hospital occupancy,551.0,3302.0,13.0,121512.0,6428.0,20299.0,111.0,34635.0,149.0,0.0,0.0,0.0,0.0
2020-10-01,Daily hospital occupancy,539.0,3253.0,13.0,124765.0,6441.0,21006.0,107.0,36127.0,156.0,0.0,0.0,0.0,0.0
2020-10-02,Daily hospital occupancy,573.0,3831.0,9.0,128596.0,6450.0,22051.0,100.0,37975.0,157.0,0.0,0.0,0.0,0.0
2020-10-03,Daily hospital occupancy,585.0,3971.0,21.0,132567.0,6471.0,23303.0,83.0,40049.0,176.0,0.0,0.0,0.0,0.0
2020-10-04,Daily hospital occupancy,647.0,4004.0,5.0,136571.0,6476.0,24301.0,80.0,42209.0,177.0,0.0,0.0,0.0,0.0
2020-10-05,Daily hospital occupancy,715.0,4586.0,0.0,141157.0,6476.0,25972.0,74.0,44571.0,175.0,0.0,0.0,0.0,0.0
2020-10-06,Daily hospital occupancy,785.0,4531.0,28.0,145688.0,6504.0,27478.0,89.0,46854.0,193.0,0.0,0.0,0.0,0.0
2020-10-07,Daily hospital occupancy,811.0,4998.0,36.0,150686.0,6540.0,29174.0,112.0,49473.0,223.0,0.0,0.0,0.0,0.0
2020-10-08,Daily hospital occupancy,842.0,5823.0,13.0,156509.0,6553.0,31744.0,112.0,52750.0,219.0,0.0,0.0,0.0,0.0
2020-10-09,Daily hospital occupancy,900.0,5975.0,13.0,162484.0,6566.0,33888.0,116.0,55939.0,216.0,0.0,0.0,0.0,0.0
2020-10-10,Daily hospital occupancy,955.0,6503.0,23.0,168987.0,6589.0,36420.0,118.0,59723.0,201.0,0.0,0.0,0.0,0.0
2020-10-11,Daily hospital occupancy,986.0,6376.0,17.0,175363.0,6606.0,38792.0,130.0,63093.0,210.0,0.0,0.0,0.0,0.0
2020-10-12,Daily hospital occupancy,1046.0,6845.0,12.0,182208.0,6618.0,41051.0,142.0,67023.0,216.0,0.0,0.0,0.0,0.0
2020-10-13,Daily hospital occupancy,1133.0,7387.0,35.0,189595.0,6653.0,43907.0,149.0,71385.0,238.0,0.0,0.0,0.0,0.0
2020-10-14,Daily hospital occupancy,1174.0,7297.0,32.0,196892.0,6685.0,46206.0,145.0,75380.0,257.0,0.0,0.0,0.0,0.0
2020-10-15,Daily hospital occupancy,1213.0,7799.0,29.0,204691.0,6714.0,48182.0,161.0,79926.0,273.0,0.0,0.0,0.0,0.0
2020-10-16,Daily hospital occupancy,1208.0,7993.0,16.0,212684.0,6730.0,50200.0,164.0,84088.0,280.0,0.0,0.0,0.0,0.0
2020-10-17,Daily hospital occupancy,1216.0,8117.0,29.0,220801.0,6759.0,51814.0,170.0,88234.0,288.0,0.0,0.0,0.0,0.0
2020-10-18,Daily hospital occupancy,1288.0,8186.0,14.0,228987.0,6773.0,53624.0,167.0,92416.0,297.0,0.0,0.0,0.0,0.0
2020-10-19,Daily hospital occupancy,1359.0,7995.0,17.0,236982.0,6790.0,54774.0,172.0,95825.0,314.0,0.0,0.0,0.0,0.0
2020-10-20,Daily hospital occupancy,1440.0,8165.0,46.0,245147.0,6836.0,55552.0,183.0,99459.0,332.0,0.0,0.0,0.0,0.0
2020-10-21,Daily hospital occupancy,1493.0,8756.0,59.0,253903.0,6895.0,57011.0,210.0,103217.0,355.0,0.0,0.0,0.0,0.0
2020-10-22,Daily hospital occupancy,1540.0,9271.0,46.0,263174.0,6941.0,58483.0,227.0,106665.0,388.0,0.0,0.0,0.0,0.0
2020-10-23,Daily hospital occupancy,1601.0,10003.0,45.0,273177.0,6986.0,60493.0,256.0,110693.0,420.0,0.0,0.0,0.0,0.0
2020-10-24,Daily hospital occupancy,1614.0,8655.0,55.0,281832.0,7041.0,61031.0,282.0,112845.0,452.0,0.0,0.0,0.0,0.0
2020-10-25,Daily hospital occupancy,1657.0,10206.0,27.0,292038.0,7068.0,63051.0,295.0,116675.0,462.0,0.0,0.0,0.0,0.0
2020-10-26,Daily hospital occupancy,1743.0,10348.0,26.0,302386.0,7094.0,65404.0,304.0,120178.0,476.0,0.0,0.0,0.0,0.0
2020-10-27,Daily hospital occupancy,1829.0,10295.0,70.0,312681.0,7164.0,67534.0,328.0,123086.0,511.0,0.0,0.0,0.0,0.0
2020-10-28,Daily hospital occupancy,1831.0,8115.0,60.0,320796.0,7224.0,66893.0,329.0,123904.0,539.0,0.0,0.0,0.0,0.0
2020-10-29,Daily hospital occupancy,1831.0,10264.0,56.0,331060.0,7280.0,67886.0,339.0,126369.0,566.0,0.0,0.0,0.0,0.0
2020-10-30,Daily hospital occupancy,1818.0,11136.0,87.0,342196.0,7367.0,69019.0,381.0,129512.0,637.0,0.0,0.0,0.0,0.0
2020-10-31,Daily hospital occupancy,1864.0,9808.0,50.0,352004.0,7417.0,70172.0,376.0,131203.0,658.0,0.0,0.0,0.0,0.0
2020-11-01,Daily hospital occupancy,1910.0,8688.0,39.0,360692.0,7456.0,68654.0,388.0,131705.0,683.0,0.0,0.0,0.0,0.0
2020-11-02,Daily hospital occupancy,1958.0,8299.0,29.0,368991.0,7485.0,66605.0,391.0,132009.0,695.0,0.0,0.0,0.0,0.0
2020-11-03,Daily hospital occupancy,2044.0,7758.0,113.0,376749.0,7598.0,64068.0,434.0,131602.0,762.0,0.0,0.0,0.0,0.0
2020-11-04,Daily hospital occupancy,1960.0,7644.0,106.0,384393.0,7704.0,63597.0,480.0,130490.0,809.0,0.0,0.0,0.0,0.0
2020-11-05,Daily hospital occupancy,1905.0,6972.0,88.0,391365.0,7792.0,60305.0,512.0,128191.0,851.0,0.0,0.0,0.0,0.0
2020-11-06,Daily hospital occupancy,1842.0,7242.0,118.0,398607.0,7910.0,56411.0,543.0,125430.0,924.0,0.0,0.0,0.0,0.0
2020-11-07,Daily hospital occupancy,1782.0,6680.0,73.0,405287.0,7983.0,53283.0,566.0,123455.0,942.0,0.0,0.0,0.0,0.0
2020-11-08,Daily hospital occupancy,1697.0,5668.0,44.0,410955.0,8027.0,50263.0,571.0,118917.0,959.0,0.0,0.0,0.0,0.0
2020-11-09,Daily hospital occupancy,1717.0,4686.0,39.0,415641.0,8066.0,46650.0,581.0,113255.0,972.0,0.0,0.0,0.0,0.0
2020-11-10,Daily hospital occupancy,1697.0,4679.0,98.0,420320.0,8164.0,43571.0,566.0,107639.0,1000.0,0.0,0.0,0.0,0.0
2020-11-11,Daily hospital occupancy,1671.0,5409.0,74.0,425729.0,8238.0,41336.0,534.0,104933.0,1014.0,0.0,0.0,0.0,0.0
2020-11-12,Daily hospital occupancy,1606.0,5638.0,89.0,431367.0,8327.0,40002.0,535.0,100307.0,1047.0,0.0,0.0,0.0,0.0
2020-11-13,Daily hospital occupancy,1572.0,6100.0,55.0,437467.0,8382.0,38860.0,472.0,95271.0,1015.0,0.0,0.0,0.0,0.0
2020-11-14,Daily hospital occupancy,1530.0,5914.0,85.0,443381.0,8467.0,38094.0,484.0,91377.0,1050.0,0.0,0.0,0.0,0.0
2020-11-15,Daily hospital occupancy,1509.0,5423.0,43.0,448804.0,8510.0,37849.0,483.0,88112.0,1054.0,0.0,0.0,0.0,0.0
2020-11-16,Daily hospital occupancy,1557.0,4836.0,44.0,453640.0,8554.0,37999.0,488.0,84649.0,1069.0,0.0,0.0,0.0,0.0
2020-11-17,Daily hospital occupancy,1570.0,4317.0,86.0,457957.0,8640.0,37637.0,476.0,81208.0,1042.0,0.0,0.0,0.0,0.0
2020-11-18,Daily hospital occupancy,1528.0,4619.0,82.0,462576.0,8722.0,36847.0,484.0,78183.0,1018.0,0.0,0.0,0.0,0.0
2020-11-19,Daily hospital occupancy,1475.0,5654.0,73.0,468230.0,8795.0,36863.0,468.0,76865.0,1003.0,0.0,0.0,0.0,0.0
2020-11-20,Daily hospital occupancy,1414.0,5943.0,52.0,474173.0,8847.0,36706.0,465.0,75566.0,937.0,0.0,0.0,0.0,0.0
2020-11-21,Daily hospital occupancy,1352.0,6083.0,48.0,480256.0,8895.0,36875.0,428.0,74969.0,912.0,0.0,0.0,0.0,0.0
2020-11-22,Daily hospital occupancy,1393.0,5399.0,21.0,485655.0,8916.0,36851.0,406.0,74700.0,889.0,0.0,0.0,0.0,0.0
2020-11-23,Daily hospital occupancy,1432.0,5175.0,54.0,490830.0,8970.0,37190.0,416.0,75189.0,904.0,0.0,0.0,0.0,0.0
2020-11-24,Daily hospital occupancy,1399.0,3934.0,90.0,494764.0,9060.0,36807.0,420.0,74444.0,896.0,0.0,0.0,0.0,0.0
2020-11-25,Daily hospital occupancy,1310.0,4925.0,74.0,499689.0,9134.0,37113.0,412.0,73960.0,896.0,0.0,0.0,0.0,0.0
2020-11-26,Daily hospital occupancy,1257.0,4475.0,75.0,504164.0,9209.0,35934.0,414.0,72797.0,882.0,0.0,0.0,0.0,0.0
2020-11-27,Daily hospital occupancy,1251.0,5755.0,83.0,509919.0,9292.0,35746.0,445.0,72452.0,910.0,0.0,0.0,0.0,0.0
2020-11-28,Daily hospital occupancy,1200.0,4468.0,59.0,514387.0,9351.0,34131.0,456.0,71006.0,884.0,0.0,0.0,0.0,0.0
2020-11-29,Daily hospital occupancy,1194.0,5585.0,23.0,519972.0,9374.0,34317.0,458.0,71168.0,864.0,0.0,0.0,0.0,0.0
2020-11-30,Daily hospital occupancy,1240.0,4572.0,27.0,524544.0,9401.0,33714.0,431.0,70904.0,847.0,0.0,0.0,0.0,0.0
2020-12-01,Daily hospital occupancy,1205.0,4048.0,62.0,528592.0,9463.0,33828.0,403.0,70635.0,823.0,0.0,0.0,0.0,0.0
2020-12-02,Daily hospital occupancy,1131.0,4924.0,66.0,533516.0,9529.0,33827.0,395.0,70940.0,807.0,0.0,0.0,0.0,0.0
2020-12-03,Daily hospital occupancy,1137.0,5639.0,61.0,539155.0,9590.0,34991.0,381.0,70925.0,795.0,0.0,0.0,0.0,0.0
2020-12-04,Daily hospital occupancy,1152.0,5889.0,59.0,545044.0,9649.0,35125.0,357.0,70871.0,802.0,0.0,0.0,0.0,0.0
2020-12-05,Daily hospital occupancy,1130.0,6540.0,39.0,551584.0,9688.0,37197.0,337.0,71328.0,793.0,0.0,0.0,0.0,0.0
2020-12-06,Daily hospital occupancy,1172.0,6779.0,25.0,558363.0,9713.0,38391.0,339.0,72708.0,797.0,0.0,0.0,0.0,0.0
2020-12-07,Daily hospital occupancy,1190.0,7083.0,17.0,565446.0,9730.0,40902.0,329.0,74616.0,760.0,0.0,0.0,0.0,0.0
2020-12-08,Daily hospital occupancy,1236.0,6152.0,71.0,571598.0,9801.0,43006.0,338.0,76834.0,741.0,0.0,0.0,0.0,0.0
2020-12-09,Daily hospital occupancy,1211.0,6552.0,66.0,578150.0,9867.0,44634.0,338.0,78461.0,733.0,0.0,0.0,0.0,0.0
2020-12-10,Daily hospital occupancy,1179.0,8736.0,61.0,586886.0,9928.0,47731.0,338.0,82722.0,719.0,0.0,0.0,0.0,0.0
2020-12-11,Daily hospital occupancy,1209.0,8862.0,64.0,595748.0,9992.0,50704.0,343.0,85829.0,700.0,0.0,0.0,0.0,0.0
2020-12-12,Daily hospital occupancy,1242.0,9087.0,53.0,604835.0,10045.0,53251.0,357.0,90448.0,694.0,0.0,0.0,0.0,0.0
2020-12-13,Daily hospital occupancy,1270.0,9884.0,29.0,614719.0,10074.0,56356.0,361.0,94747.0,700.0,0.0,0.0,0.0,0.0
2020-12-14,Daily hospital occupancy,1369.0,8474.0,34.0,623193.0,10108.0,57747.0,378.0,98649.0,707.0,0.0,0.0,0.0,0.0
2020-12-15,Daily hospital occupancy,1430.0,6653.0,86.0,629846.0,10194.0,58248.0,393.0,101254.0,731.0,0.0,0.0,0.0,0.0
2020-12-16,Daily hospital occupancy,1438.0,11176.0,78.0,641022.0,10272.0,62872.0,405.0,107506.0,743.0,0.0,0.0,0.0,0.0
2020-12-17,Daily hospital occupancy,1467.0,12797.0,75.0,653819.0,10347.0,66933.0,419.0,114664.0,757.0,0.0,0.0,0.0,0.0
2020-12-18,Daily hospital occupancy,1485.0,11952.0,84.0,665771.0,10431.0,70023.0,439.0,120727.0,782.0,0.0,0.0,0.0,0.0
2020-12-19,Daily hospital occupancy,1505.0,12225.0,54.0,677996.0,10485.0,73161.0,440.0,126412.0,797.0,0.0,0.0,0.0,0.0
2020-12-20,Daily hospital occupancy,1533.0,13037.0,32.0,691033.0,10517.0,76314.0,443.0,132670.0,804.0,0.0,0.0,0.0,0.0
2020-12-21,Daily hospital occupancy,1576.0,11178.0,28.0,702211.0,10545.0,79018.0,437.0,136765.0,815.0,0.0,0.0,0.0,0.0
2020-12-22,Daily hospital occupancy,1703.0,9834.0,114.0,712045.0,10659.0,82199.0,465.0,140447.0,858.0,0.0,0.0,0.0,0.0
2020-12-23,Daily hospital occupancy,1686.0,10396.0,104.0,722441.0,10763.0,81419.0,491.0,144291.0,896.0,0.0,0.0,0.0,0.0
2020-12-24,Daily hospital occupancy,1712.0,11514.0,89.0,733955.0,10852.0,80136.0,505.0,147069.0,924.0,0.0,0.0,0.0,0.0
2020-12-25,Daily hospital occupancy,1704.0,11495.0,98.0,745450.0,10950.0,79679.0,519.0,149702.0,958.0,0.0,0.0,0.0,0.0
2020-12-26,Daily hospital occupancy,1734.0,9848.0,46.0,755298.0,10996.0,77302.0,511.0,150463.0,951.0,0.0,0.0,0.0,0.0
2020-12-27,Daily hospital occupancy,1797.0,9080.0,28.0,764378.0,11024.0,73345.0,507.0,149659.0,950.0,0.0,0.0,0.0,0.0
2020-12-28,Daily hospital occupancy,1922.0,7433.0,45.0,771811.0,11069.0,69600.0,524.0,148618.0,961.0,0.0,0.0,0.0,0.0
2020-12-29,Daily hospital occupancy,2077.0,7514.0,170.0,779325.0,11239.0,67280.0,580.0,149479.0,1045.0,0.0,0.0,0.0,0.0
2020-12-30,Daily hospital occupancy,2002.0,9409.0,112.0,788734.0,11351.0,66293.0,588.0,147712.0,1079.0,0.0,0.0,0.0,0.0
2020-12-31,Daily hospital occupancy,2104.0,9703.0,108.0,798437.0,11459.0,64482.0,607.0,144618.0,1112.0,0.0,0.0,0.0,0.0
2021-01-01,Daily hospital occupancy,1957.0,8185.0,97.0,806622.0,11556.0,61172.0,606.0,140851.0,1125.0,0.0,0.0,0.0,0.0
2021-01-02,Daily hospital occupancy,2005.0,8605.0,36.0,815227.0,11592.0,59929.0,596.0,137231.0,1107.0,0.0,0.0,0.0,0.0
2021-01-03,Daily hospital occupancy,2006.0,7398.0,47.0,822625.0,11639.0,58247.0,615.0,131592.0,1122.0,0.0,0.0,0.0,0.0
2021-01-04,Daily hospital occupancy,2130.0,6566.0,63.0,829191.0,11702.0,57380.0,633.0,126980.0,1157.0,0.0,0.0,0.0,0.0
2021-01-05,Daily hospital occupancy,2159.0,6377.0,151.0,835568.0,11853.0,56243.0,614.0,123523.0,1194.0,0.0,0.0,0.0,0.0
2021-01-06,Daily hospital occupancy,2131.0,7107.0,173.0,842675.0,12026.0,53941.0,675.0,120234.0,1263.0,0.0,0.0,0.0,0.0
2021-01-07,Daily hospital occupancy,2052.0,9646.0,85.0,852321.0,12111.0,53884.0,652.0,118366.0,1259.0,0.0,0.0,0.0,0.0
2021-01-08,Daily hospital occupancy,1936.0,8147.0,87.0,860468.0,12198.0,53846.0,642.0,115018.0,1248.0,0.0,0.0,0.0,0.0
2021-01-09,Daily hospital occupancy,1874.0,7321.0,136.0,867789.0,12334.0,52562.0,742.0,112491.0,1338.0,33758.0,33758.0,0.0,0.0
2021-01-10,Daily hospital occupancy,1850.0,6613.0,54.0,874402.0,12388.0,51777.0,749.0,110024.0,1364.0,39929.857142857145,39929.857142857145,0.0,0.0
2021-01-11,Daily hospital occupancy,1926.0,5436.0,50.0,879838.0,12438.0,50647.0,736.0,108027.0,1369.0,46101.71428571429,46101.71428571429,0.0,0.0
2021-01-12,Daily hospital occupancy,1945.0,4886.0,152.0,884724.0,12590.0,49156.0,737.0,105399.0,1351.0,52273.57142857143,52273.57142857143,0.0,0.0
2021-01-13,Daily hospital occupancy,1821.0,6104.0,122.0,890828.0,12712.0,48153.0,686.0,102094.0,1361.0,58445.42857142857,58445.42857142857,0.0,0.0
2021-01-14,Daily hospital occupancy,1814.0,6488.0,89.0,897316.0,12801.0,44995.0,690.0,98879.0,1342.0,64617.28571428572,64617.28571428572,0.0,0.0
2021-01-15,Daily hospital occupancy,1784.0,6021.0,94.0,903337.0,12895.0,42869.0,697.0,96715.0,1339.0,70789.14285714286,70789.14285714286,0.0,0.0
2021-01-16,Daily hospital occupancy,1694.0,5260.0,97.0,908597.0,12992.0,40808.0,658.0,93370.0,1400.0,76961.0,76961.0,0.0,0.0
2021-01-17,Daily hospital occupancy,1708.0,5613.0,41.0,914210.0,13033.0,39808.0,645.0,91585.0,1394.0,89725.71428571429,89725.71428571429,0.0,0.0
2021-01-18,Daily hospital occupancy,1744.0,4767.0,50.0,918977.0,13083.0,39139.0,645.0,89786.0,1381.0,102490.42857142858,102490.42857142858,0.0,0.0
2021-01-19,Daily hospital occupancy,1767.0,4280.0,106.0,923257.0,13189.0,38533.0,599.0,87689.0,1336.0,115255.14285714286,115255.14285714286,0.0,0.0
2021-01-20,Daily hospital occupancy,1709.0,5556.0,86.0,928813.0,13275.0,37985.0,563.0,86138.0,1249.0,128019.85714285714,128019.85714285714,0.0,0.0
2021-01-21,Daily hospital occupancy,1667.0,5779.0,89.0,934592.0,13364.0,37276.0,563.0,82271.0,1253.0,140784.57142857142,140784.57142857142,0.0,0.0
2021-01-22,Daily hospital occupancy,1684.0,5760.0,85.0,940352.0,13449.0,37015.0,554.0,79884.0,1251.0,153549.2857142857,153549.2857142857,0.0,0.0
2021-01-23,Daily hospital occupancy,1633.0,5414.0,88.0,945766.0,13537.0,37169.0,545.0,77977.0,1203.0,166314.0,166314.0,0.0,0.0
2021-01-24,Daily hospital occupancy,1667.0,4920.0,30.0,950686.0,13567.0,36476.0,534.0,76284.0,1179.0,192740.0,192392.85714285713,347.14285714285717,0.0
2021-01-25,Daily hospital occupancy,1720.0,4022.0,39.0,954708.0,13606.0,35731.0,523.0,74870.0,1168.0,219166.0,218471.7142857143,694.2857142857143,0.0
2021-01-26,Daily hospital occupancy,1705.0,3926.0,86.0,958634.0,13692.0,35377.0,503.0,73910.0,1102.0,245592.0,244550.57142857142,1041.4285714285716,0.0
2021-01-27,Daily hospital occupancy,1648.0,4766.0,68.0,963400.0,13760.0,34587.0,485.0,72572.0,1048.0,272018.0,270629.4285714286,1388.5714285714287,0.0
2021-01-28,Daily hospital occupancy,1595.0,4674.0,83.0,968074.0,13843.0,33482.0,479.0,70758.0,1042.0,298444.0,296708.2857142857,1735.7142857142858,0.0
2021-01-29,Daily hospital occupancy,1572.0,4375.0,56.0,972449.0,13899.0,32097.0,450.0,69112.0,1004.0,324870.0,322787.14285714284,2082.857142857143,0.0
2021-01-30,Daily hospital occupancy,1600.0,4179.0,87.0,976628.0,13986.0,30862.0,449.0,68031.0,994.0,351296.0,348866.0,2430.0,0.0
2021-01-31,Daily hospital occupancy,1573.0,3700.0,39.0,980328.0,14025.0,29642.0,458.0,66118.0,992.0,382713.71428571426,376854.0,5859.714285714286,0.0
2021-02-01,Daily hospital occupancy,1631.0,3205.0,27.0,983533.0,14052.0,28825.0,446.0,64556.0,969.0,414131.4285714286,404842.0,9289.428571428572,0.0
2021-02-02,Daily hospital occupancy,1640.0,3576.0,83.0,987109.0,14135.0,28475.0,443.0,63852.0,946.0,445549.14285714284,432830.0,12719.142857142857,0.0
2021-02-03,Daily hospital occupancy,1601.0,4027.0,61.0,991136.0,14196.0,27736.0,436.0,62323.0,921.0,476966.85714285716,460818.0,16148.857142857143,0.0
2021-02-04,Daily hospital occupancy,1519.0,4205.0,65.0,995341.0,14261.0,27267.0,418.0,60749.0,897.0,508384.5714285714,488806.0,19578.571428571428,0.0
2021-02-05,Daily hospital occupancy,1479.0,4331.0,60.0,999672.0,14321.0,27223.0,422.0,59320.0,872.0,539802.2857142857,516794.0,23008.285714285714,0.0
2021-02-06,Daily hospital occupancy,1436.0,4082.0,61.0,1003754.0,14382.0,27126.0,396.0,57988.0,845.0,571220.0,544782.0,26438.0,0.0
2021-02-07,Daily hospital occupancy,1445.0,3934.0,48.0,1007688.0,14430.0,27360.0,405.0,57002.0,863.0,602185.5714285715,565588.1428571428,36597.42857142857,0.0
2021-02-08,Daily hospital occupancy,1492.0,2231.0,25.0,1009919.0,14455.0,26386.0,403.0,55211.0,849.0,633151.1428571428,586394.2857142857,46756.857142857145,0.0
2021-02-09,Daily hospital occupancy,1460.0,1758.0,83.0,1011677.0,14538.0,24568.0,403.0,53043.0,846.0,664116.7142857143,607200.4285714286,56916.28571428571,0.0
2021-02-10,Daily hospital occupancy,1457.0,3203.0,79.0,1014880.0,14617.0,23744.0,421.0,51480.0,857.0,695082.2857142857,628006.5714285715,67075.71428571429,0.0
2021-02-11,Daily hospital occupancy,1415.0,4407.0,72.0,1019287.0,14689.0,23946.0,428.0,51213.0,846.0,726047.8571428572,648812.7142857143,77235.14285714286,0.0
2021-02-12,Daily hospital occupancy,1370.0,4347.0,65.0,1023634.0,14754.0,23962.0,433.0,51185.0,855.0,757013.4285714286,669618.8571428572,87394.57142857142,0.0
2021-02-13,Daily hospital occupancy,1325.0,4197.0,66.0,1027831.0,14820.0,24077.0,438.0,51203.0,834.0,787979.0,690425.0,97554.0,0.0
2021-02-14,Daily hospital occupancy,1329.0,3451.0,23.0,1031282.0,14843.0,23594.0,413.0,50954.0,818.0,823665.0,716588.0,107077.0,0.0
2021-02-15,Daily hospital occupancy,1386.0,2813.0,27.0,1034095.0,14870.0,24176.0,415.0,50562.0,818.0,859351.0,742751.0,116600.0,0.0
2021-02-16,Daily hospital occupancy,1400.0,2713.0,86.0,1036808.0,14956.0,25131.0,418.0,49699.0,821.0,895037.0,768914.0,126123.0,0.0
2021-02-17,Daily hospital occupancy,1399.0,3369.0,88.0,1040177.0,15044.0,25297.0,427.0,49041.0,848.0,930723.0,795077.0,135646.0,0.0
2021-02-18,Daily hospital occupancy,1408.0,4524.0,72.0,1044701.0,15116.0,25414.0,427.0,49360.0,855.0,966409.0,821240.0,145169.0,0.0
2021-02-19,Daily hospital occupancy,1433.0,4732.0,49.0,1049433.0,15165.0,25799.0,411.0,49761.0,844.0,1002095.0,847403.0,154692.0,0.0
2021-02-20,Daily hospital occupancy,1336.0,4565.0,62.0,1053998.0,15227.0,26167.0,407.0,50244.0,845.0,1037781.0,873566.0,164215.0,0.0
2021-02-21,Daily hospital occupancy,1315.0,4674.0,17.0,1058672.0,15244.0,27390.0,401.0,50984.0,814.0,1087013.0,906629.2857142857,180383.7142857143,0.0
2021-02-22,Daily hospital occupancy,1347.0,4171.0,32.0,1062843.0,15276.0,28748.0,406.0,52924.0,821.0,1136245.0,939692.5714285715,196552.42857142858,0.0
2021-02-23,Daily hospital occupancy,1379.0,3802.0,94.0,1066645.0,15370.0,29837.0,414.0,54968.0,832.0,1185477.0,972755.8571428572,212721.14285714284,0.0
2021-02-24,Daily hospital occupancy,1350.0,4365.0,63.0,1071010.0,15433.0,30833.0,389.0,56130.0,816.0,1234709.0,1005819.1428571428,228889.85714285716,0.0
2021-02-25,Daily hospital occupancy,1361.0,5012.0,32.0,1076022.0,15465.0,31321.0,349.0,56735.0,776.0,1283941.0,1038882.4285714286,245058.57142857142,0.0
2021-02-26,Daily hospital occupancy,1339.0,5115.0,65.0,1081137.0,15530.0,31704.0,365.0,57503.0,776.0,1333173.0,1071945.7142857143,261227.2857142857,0.0
2021-02-27,Daily hospital occupancy,1291.0,4939.0,40.0,1086076.0,15570.0,32078.0,343.0,58245.0,750.0,1382405.0,1105009.0,277396.0,0.0
2021-02-28,Daily hospital occupancy,1322.0,4671.0,20.0,1090747.0,15590.0,32075.0,346.0,59465.0,747.0,1424416.5714285714,1134957.5714285714,289459.0,0.0
2021-03-01,Daily hospital occupancy,1375.0,3765.0,21.0,1094512.0,15611.0,31669.0,335.0,60417.0,741.0,1466428.142857143,1164906.142857143,301522.0,0.0
2021-03-02,Daily hospital occupancy,1444.0,3982.0,65.0,1098494.0,15676.0,31849.0,306.0,61686.0,720.0,1508439.7142857143,1194854.7142857143,313585.0,0.0
2021-03-03,Daily hospital occupancy,1397.0,5001.0,48.0,1103495.0,15724.0,32485.0,291.0,63318.0,680.0,1550451.2857142857,1224803.2857142857,325648.0,0.0
2021-03-04,Daily hospital occupancy,1384.0,4115.0,33.0,1107610.0,15757.0,31588.0,292.0,62909.0,641.0,1592462.857142857,1254751.857142857,337711.0,0.0
2021-03-05,Daily hospital occupancy,1370.0,4670.0,32.0,1112280.0,15789.0,31143.0,259.0,62847.0,624.0,1634474.4285714286,1284700.4285714286,349774.0,0.0
2021-03-06,Daily hospital occupancy,1321.0,5339.0,41.0,1117619.0,15830.0,31543.0,260.0,63621.0,603.0,1676486.0,1314649.0,361837.0,0.0
2021-03-07,Daily hospital occupancy,1306.0,4526.0,30.0,1122145.0,15860.0,31398.0,270.0,63473.0,616.0,1717216.4285714286,1342857.2857142857,374359.14285714284,0.0
2021-03-08,Daily hospital occupancy,1347.0,3838.0,28.0,1125983.0,15888.0,31471.0,277.0,63140.0,612.0,1757946.857142857,1371065.5714285714,386881.28571428574,0.0
2021-03-09,Daily hospital occupancy,1407.0,4295.0,56.0,1130278.0,15944.0,31784.0,268.0,63633.0,574.0,1798677.2857142857,1399273.857142857,399403.4285714286,0.0
2021-03-10,Daily hospital occupancy,1353.0,5273.0,31.0,1135551.0,15975.0,32056.0,251.0,64541.0,542.0,1839407.7142857143,1427482.142857143,411925.5714285714,0.0
2021-03-11,Daily hospital occupancy,1353.0,5323.0,50.0,1140874.0,16025.0,33264.0,268.0,64852.0,560.0,1880138.142857143,1455690.4285714286,424447.71428571426,0.0
2021-03-12,Daily hospital occupancy,1334.0,6030.0,26.0,1146904.0,16051.0,34624.0,262.0,65767.0,521.0,1920868.5714285714,1483898.7142857143,436969.85714285716,0.0
2021-03-13,Daily hospital occupancy,1321.0,6396.0,22.0,1153300.0,16073.0,35681.0,243.0,67224.0,503.0,1961599.0,1512107.0,449492.0,0.0
2021-03-14,Daily hospital occupancy,1368.0,5974.0,23.0,1159274.0,16096.0,37129.0,236.0,68527.0,506.0,1992232.4285714286,1524517.7142857143,467714.71428571426,0.0
2021-03-15,Daily hospital occupancy,1455.0,5472.0,18.0,1164746.0,16114.0,38763.0,226.0,70234.0,503.0,2022865.857142857,1536928.4285714286,485937.4285714286,0.0
2021-03-16,Daily hospital occupancy,1451.0,4905.0,32.0,1169651.0,16146.0,39373.0,202.0,71157.0,470.0,2053499.2857142857,1549339.142857143,504160.14285714284,0.0
2021-03-17,Daily hospital occupancy,1424.0,5929.0,46.0,1175580.0,16192.0,40029.0,217.0,72085.0,468.0,2084132.7142857143,1561749.857142857,522382.85714285716,0.0
2021-03-18,Daily hospital occupancy,1436.0,6125.0,33.0,1181705.0,16225.0,40831.0,200.0,74095.0,468.0,2114766.1428571427,1574160.5714285714,540605.5714285715,0.0
2021-03-19,Daily hospital occupancy,1462.0,7381.0,46.0,1189086.0,16271.0,42182.0,220.0,76806.0,482.0,2145399.5714285714,1586571.2857142857,558828.2857142857,0.0
2021-03-20,Daily hospital occupancy,1445.0,7595.0,16.0,1196681.0,16287.0,43381.0,214.0,79062.0,457.0,2176033.0,1598982.0,577051.0,0.0
2021-03-21,Daily hospital occupancy,1462.0,6965.0,15.0,1203646.0,16302.0,44372.0,206.0,81501.0,442.0,2218605.5714285714,1627467.7142857143,591137.8571428572,0.0
2021-03-22,Daily hospital occupancy,1555.0,6264.0,15.0,1209910.0,16317.0,45164.0,203.0,83927.0,429.0,2261178.1428571427,1655953.4285714286,605224.7142857143,0.0
2021-03-23,Daily hospital occupancy,1575.0,5564.0,49.0,1215474.0,16366.0,45823.0,220.0,85196.0,422.0,2303750.714285714,1684439.142857143,619311.5714285715,0.0
2021-03-24,Daily hospital occupancy,1562.0,7585.0,32.0,1223059.0,16398.0,47479.0,206.0,87508.0,423.0,2346323.285714286,1712924.857142857,633398.4285714285,0.0
2021-03-25,Daily hospital occupancy,1573.0,7706.0,26.0,1230765.0,16424.0,49060.0,199.0,89891.0,399.0,2388895.8571428573,1741410.5714285714,647485.2857142857,0.0
2021-03-26,Daily hospital occupancy,1596.0,7562.0,24.0,1238327.0,16448.0,49241.0,177.0,91423.0,397.0,2431468.4285714286,1769896.2857142857,661572.1428571428,0.0
2021-03-27,Daily hospital occupancy,1595.0,8810.0,29.0,1247137.0,16477.0,50456.0,190.0,93837.0,404.0,2474041.0,1798382.0,675659.0,0.0
2021-03-28,Daily hospital occupancy,1593.0,7430.0,15.0,1254567.0,16492.0,50921.0,190.0,95293.0,396.0,2538466.285714286,1847157.4285714286,691308.8571428572,0.0
2021-03-29,Daily hospital occupancy,1667.0,6722.0,10.0,1261289.0,16502.0,51379.0,185.0,96543.0,388.0,2602891.5714285714,1895932.857142857,706958.7142857143,0.0
2021-03-30,Daily hospital occupancy,1728.0,5828.0,34.0,1267117.0,16536.0,51643.0,170.0,97466.0,390.0,2667316.8571428573,1944708.2857142857,722608.5714285715,0.0
2021-03-31,Daily hospital occupancy,1653.0,7646.0,29.0,1274763.0,16565.0,51704.0,167.0,99183.0,373.0,2731742.1428571427,1993483.7142857143,738258.4285714285,0.0
2021-04-01,Daily hospital occupancy,1639.0,7831.0,21.0,1282594.0,16586.0,51829.0,162.0,100889.0,361.0,2796167.4285714286,2042259.142857143,753908.2857142857,0.0
2021-04-02,Daily hospital occupancy,1625.0,7253.0,16.0,1289847.0,16602.0,51520.0,154.0,100761.0,331.0,2860592.7142857146,2091034.5714285714,769558.1428571428,0.0
2021-04-03,Daily hospital occupancy,1614.0,7628.0,31.0,1297475.0,16633.0,50338.0,156.0,100794.0,346.0,2925018.0,2139810.0,785208.0,0.0
2021-04-04,Daily hospital occupancy,1587.0,6822.0,16.0,1304297.0,16649.0,49730.0,157.0,100651.0,347.0,3016882.5714285714,2213246.8571428573,803635.7142857143,0.0
2021-04-05,Daily hospital occupancy,1628.0,5320.0,7.0,1309617.0,16656.0,48328.0,154.0,99707.0,339.0,3108747.1428571427,2286683.714285714,822063.4285714285,0.0
2021-04-06,Daily hospital occupancy,1748.0,5554.0,20.0,1315171.0,16676.0,48054.0,140.0,99697.0,310.0,3200611.7142857146,2360120.5714285714,840491.1428571428,0.0
2021-04-07,Daily hospital occupancy,1782.0,6356.0,23.0,1321527.0,16699.0,46764.0,134.0,98468.0,301.0,3292476.285714286,2433557.4285714286,858918.8571428572,0.0
2021-04-08,Daily hospital occupancy,1727.0,7783.0,19.0,1329310.0,16718.0,46716.0,132.0,98545.0,294.0,3384340.8571428573,2506994.285714286,877346.5714285715,0.0
2021-04-09,Daily hospital occupancy,1711.0,7643.0,40.0,1336953.0,16758.0,47106.0,156.0,98626.0,310.0,3476205.4285714286,2580431.1428571427,895774.2857142857,0.0
2021-04-10,Daily hospital occupancy,1704.0,7679.0,23.0,1344632.0,16781.0,47157.0,148.0,97495.0,304.0,3568070.0,2653868.0,914202.0,0.0
2021-04-11,Daily hospital occupancy,1729.0,8218.0,17.0,1352850.0,16798.0,48553.0,149.0,98283.0,306.0,3683242.1428571427,2756002.714285714,927239.4285714285,0.0
2021-04-12,Daily hospital occupancy,1788.0,6675.0,20.0,1359525.0,16818.0,49908.0,162.0,98236.0,316.0,3798414.285714286,2858137.4285714286,940276.8571428572,0.0
2021-04-13,Daily hospital occupancy,1760.0,6688.0,31.0,1366213.0,16849.0,51042.0,173.0,99096.0,313.0,3913586.4285714286,2960272.1428571427,953314.2857142857,0.0
2021-04-14,Daily hospital occupancy,1715.0,5394.0,26.0,1371607.0,16875.0,50080.0,176.0,96844.0,310.0,4028758.5714285714,3062406.8571428573,966351.7142857143,0.0
2021-04-15,Daily hospital occupancy,1688.0,8737.0,13.0,1380344.0,16888.0,51034.0,170.0,97750.0,302.0,4143930.7142857146,3164541.5714285714,979389.1428571428,0.0
2021-04-16,Daily hospital occupancy,1698.0,8901.0,12.0,1389245.0,16900.0,52292.0,142.0,99398.0,298.0,4259102.857142857,3266676.2857142854,992426.5714285714,0.0
2021-04-17,Daily hospital occupancy,1626.0,8288.0,31.0,1397533.0,16931.0,52901.0,150.0,100058.0,298.0,4374275.0,3368811.0,1005464.0,0.0
2021-04-18,Daily hospital occupancy,1670.0,8505.0,12.0,1406038.0,16943.0,53188.0,145.0,101741.0,294.0,4467571.714285715,3445222.0,1023619.2857142857,0.0
2021-04-19,Daily hospital occupancy,1731.0,7119.0,22.0,1413157.0,16965.0,53632.0,147.0,103540.0,309.0,4560868.428571428,3521633.0,1041774.5714285715,0.0
2021-04-20,Daily hospital occupancy,1830.0,6826.0,27.0,1419983.0,16992.0,53770.0,143.0,104812.0,316.0,4654165.142857143,3598044.0,1059929.857142857,0.0
2021-04-21,Daily hospital occupancy,1792.0,8472.0,18.0,1428455.0,17010.0,56848.0,135.0,106928.0,311.0,4747461.857142857,3674455.0,1078085.142857143,0.0
2021-04-22,Daily hospital occupancy,1843.0,9611.0,19.0,1438066.0,17029.0,57722.0,141.0,108756.0,311.0,4840758.571428572,3750866.0,1096240.4285714286,0.0
2021-04-23,Daily hospital occupancy,1776.0,9212.0,14.0,1447278.0,17043.0,58033.0,143.0,110325.0,285.0,4934055.285714285,3827277.0,1114395.7142857143,0.0
2021-04-24,Daily hospital occupancy,1698.0,8061.0,22.0,1455339.0,17065.0,57806.0,134.0,110707.0,284.0,5027352.0,3903688.0,1132551.0,0.0
2021-04-25,Daily hospital occupancy,1691.0,8013.0,11.0,1463352.0,17076.0,57314.0,133.0,110502.0,278.0,5125453.142857143,3988557.0,1151443.7142857143,0.0
2021-04-26,Daily hospital occupancy,1759.0,6205.0,13.0,1469557.0,17089.0,56400.0,124.0,110032.0,271.0,5223554.285714285,4073426.0,1170336.4285714286,0.0
2021-04-27,Daily hospital occupancy,1777.0,5337.0,31.0,1474894.0,17120.0,54911.0,128.0,108681.0,271.0,5321655.428571428,4158295.0,1189229.142857143,0.0
2021-04-28,Daily hospital occupancy,1797.0,8655.0,11.0,1483549.0,17131.0,55094.0,121.0,111942.0,256.0,5419756.571428572,4243164.0,1208121.857142857,0.0
2021-04-29,Daily hospital occupancy,1891.0,7271.0,20.0,1490820.0,17151.0,52754.0,122.0,110476.0,263.0,5517857.714285715,4328033.0,1227014.5714285714,0.0
2021-04-30,Daily hospital occupancy,1899.0,7762.0,24.0,1498582.0,17175.0,51304.0,132.0,109337.0,275.0,5615958.857142857,4412902.0,1245907.2857142857,0.0
2021-05-01,Daily hospital occupancy,1827.0,5755.0,21.0,1504337.0,17196.0,48998.0,131.0,106804.0,265.0,5714060.0,4497771.0,1264800.0,0.0
2021-05-02,Daily hospital occupancy,1796.0,5508.0,3.0,1509845.0,17199.0,46493.0,123.0,103807.0,256.0,5834615.714285715,4579180.285714285,1310656.2857142857,0.0
2021-05-03,Daily hospital occupancy,1817.0,9197.0,17.0,1519042.0,17216.0,49485.0,127.0,105885.0,251.0,5955171.428571428,4660589.571428572,1356512.5714285714,0.0
2021-05-04,Daily hospital occupancy,1795.0,7725.0,32.0,1526767.0,17248.0,51873.0,128.0,106784.0,256.0,6075727.142857143,4741998.857142857,1402368.8571428573,0.0
2021-05-05,Daily hospital occupancy,1715.0,7276.0,24.0,1534043.0,17272.0,50494.0,141.0,105588.0,262.0,6196282.857142857,4823408.142857143,1448225.142857143,0.0
2021-05-06,Daily hospital occupancy,1744.0,6793.0,24.0,1540836.0,17296.0,50016.0,145.0,102770.0,267.0,6316838.571428572,4904817.428571428,1494081.4285714286,0.0
2021-05-07,Daily hospital occupancy,1724.0,7484.0,21.0,1548320.0,17317.0,49738.0,142.0,101042.0,274.0,6437394.285714285,4986226.714285715,1539937.7142857143,0.0
2021-05-08,Daily hospital occupancy,1700.0,7409.0,29.0,1555729.0,17346.0,51392.0,150.0,100390.0,281.0,6557950.0,5067636.0,1585794.0,0.0
2021-05-09,Daily hospital occupancy,1668.0,6553.0,4.0,1562282.0,17350.0,52437.0,151.0,98930.0,274.0,6701979.0,5166457.285714285,1635133.0,0.0
2021-05-10,Daily hospital occupancy,1730.0,5861.0,17.0,1568143.0,17367.0,49101.0,151.0,98586.0,278.0,6846008.0,5265278.571428572,1684472.0,0.0
2021-05-11,Daily hospital occupancy,1732.0,5523.0,43.0,1573666.0,17410.0,46899.0,162.0,98772.0,290.0,6990037.0,5364099.857142857,1733811.0,0.0
2021-05-12,Daily hospital occupancy,1607.0,6360.0,16.0,1580026.0,17426.0,45983.0,154.0,96477.0,295.0,7134066.0,5462921.142857143,1783150.0,0.0
2021-05-13,Daily hospital occupancy,1498.0,6013.0,14.0,1586039.0,17440.0,45203.0,144.0,95219.0,289.0,7278095.0,5561742.428571428,1832489.0,0.0
2021-05-14,Daily hospital occupancy,1522.0,5520.0,10.0,1591559.0,17450.0,43239.0,133.0,92977.0,275.0,7422124.0,5660563.714285715,1881828.0,0.0
2021-05-15,Daily hospital occupancy,1473.0,4451.0,13.0,1596010.0,17463.0,40281.0,117.0,91673.0,267.0,7566153.0,5759385.0,1931167.0,0.0
2021-05-16,Daily hospital occupancy,1466.0,4436.0,13.0,1600446.0,17476.0,38164.0,126.0,90601.0,277.0,7713661.571428572,5832191.142857143,2008401.7142857143,0.0
2021-05-17,Daily hospital occupancy,1502.0,2839.0,7.0,1603285.0,17483.0,35142.0,116.0,84243.0,267.0,7861170.142857143,5904997.285714285,2085636.4285714286,0.0
2021-05-18,Daily hospital occupancy,1503.0,5341.0,17.0,1608626.0,17500.0,34960.0,90.0,81859.0,252.0,8008678.714285715,5977803.428571428,2162871.1428571427,0.0
2021-05-19,Daily hospital occupancy,1365.0,4568.0,15.0,1613194.0,17515.0,33168.0,89.0,79151.0,243.0,8156187.285714285,6050609.571428572,2240105.8571428573,0.0
2021-05-20,Daily hospital occupancy,1278.0,4652.0,18.0,1617846.0,17533.0,31807.0,93.0,77010.0,237.0,8303695.857142857,6123415.714285715,2317340.5714285714,0.0
2021-05-21,Daily hospital occupancy,1214.0,4158.0,12.0,1622004.0,17545.0,30445.0,95.0,73684.0,228.0,8451204.42857143,6196221.857142857,2394575.285714286,0.0
2021-05-22,Daily hospital occupancy,1129.0,3162.0,19.0,1625166.0,17564.0,29156.0,101.0,69437.0,218.0,8598713.0,6269028.0,2471810.0,0.0
2021-05-23,Daily hospital occupancy,1104.0,3432.0,7.0,1628598.0,17571.0,28152.0,95.0,66316.0,221.0,8743018.714285715,6339195.857142857,2559977.1428571427,0.0
2021-05-24,Daily hospital occupancy,1097.0,2690.0,10.0,1631288.0,17581.0,28003.0,98.0,63145.0,214.0,8887324.42857143,6409363.714285715,2648144.285714286,0.0
2021-05-25,Daily hospital occupancy,1102.0,2482.0,13.0,1633770.0,17594.0,25144.0,94.0,60104.0,184.0,9031630.142857144,6479531.571428572,2736311.4285714286,0.0
2021-05-26,Daily hospital occupancy,1059.0,2762.0,10.0,1636532.0,17604.0,23338.0,89.0,56506.0,178.0,9175935.857142856,6549699.428571428,2824478.5714285714,0.0
2021-05-27,Daily hospital occupancy,971.0,3338.0,16.0,1639870.0,17620.0,22024.0,87.0,53831.0,180.0,9320241.57142857,6619867.285714285,2912645.714285714,0.0
2021-05-28,Daily hospital occupancy,919.0,3859.0,15.0,1643729.0,17635.0,21725.0,90.0,52170.0,185.0,9464547.285714285,6690035.142857143,3000812.8571428573,0.0
2021-05-29,Daily hospital occupancy,853.0,3381.0,8.0,1647110.0,17643.0,21944.0,79.0,51100.0,180.0,9608853.0,6760203.0,3088980.0,0.0
2021-05-30,Daily hospital occupancy,841.0,2722.0,6.0,1649832.0,17649.0,21234.0,78.0,49386.0,173.0,9777984.857142856,6843072.142857143,3196565.4285714286,0.0
2021-05-31,Daily hospital occupancy,850.0,2042.0,2.0,1651874.0,17651.0,20586.0,70.0,48589.0,168.0,9947116.714285715,6925941.285714285,3304150.8571428573,0.0
2021-06-01,Daily hospital occupancy,793.0,2339.0,9.0,1654213.0,17660.0,20443.0,66.0,45587.0,160.0,10116248.57142857,7008810.428571428,3411736.2857142854,0.0
2021-06-02,Daily hospital occupancy,769.0,2502.0,12.0,1656715.0,17672.0,20183.0,68.0,43521.0,157.0,10285380.42857143,7091679.571428572,3519321.714285714,0.0
2021-06-03,Daily hospital occupancy,704.0,2750.0,14.0,1659465.0,17686.0,19595.0,66.0,41619.0,153.0,10454512.285714285,7174548.714285715,3626907.1428571427,0.0
2021-06-04,Daily hospital occupancy,688.0,2388.0,8.0,1661853.0,17694.0,18124.0,59.0,39849.0,149.0,10623644.142857142,7257417.857142857,3734492.5714285714,0.0
2021-06-05,Daily hospital occupancy,658.0,2138.0,9.0,1663991.0,17703.0,16881.0,60.0,38825.0,139.0,10792776.0,7340287.0,3842078.0,0.0
2021-06-06,Daily hospital occupancy,654.0,1538.0,4.0,1665529.0,17707.0,15697.0,58.0,36931.0,136.0,11029741.142857144,7485630.142857143,3940688.4285714286,0.0
2021-06-07,Daily hospital occupancy,650.0,1382.0,3.0,1666911.0,17710.0,15037.0,59.0,35623.0,129.0,11266706.285714285,7630973.285714285,4039298.8571428573,0.0
2021-06-08,Daily hospital occupancy,616.0,1430.0,15.0,1668341.0,17725.0,14128.0,65.0,34571.0,131.0,11503671.42857143,7776316.428571429,4137909.2857142854,0.0
2021-06-09,Daily hospital occupancy,530.0,1722.0,5.0,1670063.0,17730.0,13348.0,58.0,33531.0,126.0,11740636.57142857,7921659.571428572,4236519.714285715,0.0
2021-06-10,Daily hospital occupancy,486.0,1569.0,6.0,1671632.0,17736.0,12167.0,50.0,31762.0,116.0,11977601.714285715,8067002.714285715,4335130.142857143,0.0
2021-06-11,Daily hospital occupancy,448.0,1384.0,3.0,1673016.0,17739.0,11163.0,45.0,29287.0,104.0,12214566.857142858,8212345.857142857,4433740.571428571,0.0
2021-06-12,Daily hospital occupancy,403.0,1209.0,1.0,1674225.0,17740.0,10234.0,37.0,27115.0,97.0,12451532.0,8357689.0,4532351.0,0.0
2021-06-13,Daily hospital occupancy,411.0,1041.0,2.0,1675266.0,17742.0,9737.0,35.0,25434.0,93.0,12688782.666666666,8487773.5,4648099.833333333,0.0
2021-06-14,Daily hospital occupancy,418.0,862.0,4.0,1676128.0,17746.0,9217.0,36.0,24254.0,95.0,12926033.333333334,8617858.0,4763848.666666667,0.0
2021-06-15,Daily hospital occupancy,395.0,1043.0,1.0,1677171.0,17747.0,8830.0,22.0,22958.0,87.0,13163284.0,8747942.5,4879597.5,0.0
2021-06-16,Daily hospital occupancy,366.0,1027.0,4.0,1678198.0,17751.0,8135.0,21.0,21483.0,79.0,13400534.666666666,8878027.0,4995346.333333333,0.0
2021-06-17,Daily hospital occupancy,347.0,1071.0,3.0,1679269.0,17754.0,7637.0,18.0,19804.0,68.0,13637785.333333334,9008111.5,5111095.166666667,0.0
2021-06-18,Daily hospital occupancy,315.0,891.0,1.0,1680160.0,17755.0,7144.0,16.0,18307.0,61.0,13875036.0,9138196.0,5226844.0,0.0
2021-06-21,Daily hospital occupancy,294.0,564.0,1.0,1682117.0,17759.0,5989.0,13.0,15206.0,49.0,14112286.666666666,9268280.5,5342592.833333333,0.0
2021-06-22,Daily hospital occupancy,277.0,693.0,3.0,1682810.0,17762.0,5639.0,15.0,14469.0,37.0,14349537.333333334,9398365.0,5458341.666666667,0.0
2021-06-23,Daily hospital occupancy,255.0,655.0,4.0,1683465.0,17766.0,5267.0,15.0,13402.0,36.0,14586788.0,9528449.5,5574090.5,0.0
2021-06-24,Daily hospital occupancy,234.0,709.0,2.0,1684174.0,17768.0,4905.0,14.0,12542.0,32.0,14824038.666666666,9658534.0,5689839.333333333,0.0
2021-06-25,Daily hospital occupancy,216.0,648.0,5.0,1684822.0,17773.0,4662.0,18.0,11806.0,34.0,15061289.333333332,9788618.5,5805588.166666666,0.0
2021-06-26,Daily hospital occupancy,198.0,552.0,0.0,1685374.0,17773.0,4522.0,15.0,11149.0,33.0,15298540.0,9918703.0,5921337.0,0.0
2021-06-27,Daily hospital occupancy,204.0,498.0,1.0,1685872.0,17774.0,4319.0,16.0,10606.0,32.0,15508932.714285715,10053137.857142856,6016002.285714285,0.0
2021-06-28,Daily hospital occupancy,189.0,569.0,0.0,1686441.0,17774.0,4324.0,15.0,10313.0,28.0,15719325.42857143,10187572.714285715,6110667.571428572,0.0
2021-06-29,Daily hospital occupancy,182.0,539.0,4.0,1686980.0,17778.0,4170.0,16.0,9809.0,31.0,15929718.142857144,10322007.57142857,6205332.857142857,0.0
2021-06-30,Daily hospital occupancy,168.0,638.0,0.0,1687618.0,17778.0,4153.0,12.0,9420.0,27.0,16140110.857142856,10456442.42857143,6299998.142857143,0.0
2021-07-01,Daily hospital occupancy,159.0,825.0,3.0,1688443.0,17781.0,4269.0,13.0,9174.0,27.0,16350503.57142857,10590877.285714285,6394663.428571428,0.0
2021-07-02,Daily hospital occupancy,140.0,941.0,7.0,1689384.0,17788.0,4562.0,15.0,9224.0,33.0,16560896.285714285,10725312.142857142,6489328.714285715,0.0
2021-07-03,Daily hospital occupancy,128.0,1127.0,1.0,1690511.0,17789.0,5137.0,16.0,9659.0,31.0,16771289.0,10859747.0,6583994.0,0.0
2021-07-04,Daily hospital occupancy,126.0,1215.0,0.0,1691726.0,17789.0,5854.0,15.0,10173.0,31.0,16949309.85714286,10978352.714285715,6653291.714285715,0.0
2021-07-05,Daily hospital occupancy,126.0,1526.0,1.0,1693252.0,17790.0,6811.0,16.0,11135.0,31.0,17127330.714285713,11096958.42857143,6722589.428571428,0.0
2021-07-06,Daily hospital occupancy,109.0,2212.0,1.0,1695464.0,17791.0,8484.0,13.0,12654.0,29.0,17305351.57142857,11215564.142857144,6791887.142857143,0.0
2021-07-07,Daily hospital occupancy,102.0,3648.0,3.0,1699112.0,17794.0,11494.0,16.0,15647.0,28.0,17483372.42857143,11334169.857142856,6861184.857142857,0.0
2021-07-08,Daily hospital occupancy,106.0,5432.0,2.0,1704544.0,17796.0,16101.0,15.0,20370.0,28.0,17661393.285714287,11452775.57142857,6930482.571428572,0.0
2021-07-09,Daily hospital occupancy,120.0,6926.0,2.0,1711470.0,17798.0,22086.0,10.0,26648.0,25.0,17839414.14285714,11571381.285714285,6999780.285714285,0.0
2021-07-10,Daily hospital occupancy,123.0,10288.0,1.0,1721758.0,17799.0,31247.0,10.0,36384.0,26.0,18017435.0,11689987.0,7069078.0,0.0
2021-07-11,Daily hospital occupancy,118.0,9318.0,0.0,1731076.0,17799.0,39350.0,10.0,45204.0,25.0,18174770.57142857,11722378.714285715,7196015.714285715,0.0
2021-07-12,Daily hospital occupancy,129.0,8444.0,1.0,1739520.0,17800.0,46268.0,10.0,53079.0,26.0,18332106.14285714,11754770.42857143,7322953.428571428,0.0
2021-07-13,Daily hospital occupancy,129.0,7830.0,3.0,1747350.0,17803.0,51886.0,12.0,60370.0,25.0,18489441.714285713,11787162.142857144,7449891.142857143,0.0
2021-07-14,Daily hospital occupancy,138.0,10432.0,1.0,1757782.0,17804.0,58670.0,10.0,70164.0,26.0,18646777.285714287,11819553.857142856,7576828.857142857,0.0
2021-07-15,Daily hospital occupancy,158.0,10979.0,3.0,1768761.0,17807.0,64217.0,11.0,80318.0,26.0,18804112.85714286,11851945.57142857,7703766.571428572,0.0
2021-07-16,Daily hospital occupancy,190.0,11297.0,2.0,1780058.0,17809.0,68588.0,11.0,90674.0,21.0,18961448.42857143,11884337.285714285,7830704.285714285,0.0
2021-07-17,Daily hospital occupancy,207.0,11041.0,0.0,1791099.0,17809.0,69341.0,10.0,100588.0,20.0,19118784.0,11916729.0,7957642.0,0.0
2021-07-18,Daily hospital occupancy,235.0,10135.0,1.0,1801234.0,17810.0,70158.0,11.0,109508.0,21.0,19240257.285714287,11944571.57142857,8052577.142857143,0.0
2021-07-19,Daily hospital occupancy,277.0,8887.0,2.0,1810121.0,17812.0,70601.0,12.0,116869.0,22.0,19361730.57142857,11972414.142857144,8147512.285714285,0.0
2021-07-20,Daily hospital occupancy,315.0,6709.0,5.0,1816830.0,17817.0,69480.0,14.0,121366.0,26.0,19483203.85714286,12000256.714285715,8242447.428571428,0.0
2021-07-21,Daily hospital occupancy,322.0,6905.0,3.0,1823735.0,17820.0,65953.0,16.0,124623.0,26.0,19604677.14285714,12028099.285714285,8337382.571428572,0.0
2021-07-22,Daily hospital occupancy,329.0,6236.0,3.0,1829971.0,17823.0,61210.0,16.0,125427.0,27.0,19726150.42857143,12055941.857142856,8432317.714285715,0.0
2021-07-23,Daily hospital occupancy,370.0,6395.0,3.0,1836366.0,17826.0,56308.0,17.0,124896.0,28.0,19847623.714285713,12083784.42857143,8527252.857142856,0.0
2021-07-24,Daily hospital occupancy,388.0,5278.0,4.0,1841644.0,17830.0,50545.0,21.0,119886.0,31.0,19969097.0,12111627.0,8622188.0,0.0
2021-07-25,Daily hospital occupancy,399.0,4584.0,4.0,1846228.0,17834.0,44994.0,24.0,115152.0,35.0,20084919.14285714,12133763.42857143,8716917.142857144,0.0
2021-07-26,Daily hospital occupancy,437.0,3867.0,1.0,1850095.0,17835.0,39974.0,23.0,110575.0,35.0,20200741.285714287,12155899.857142856,8811646.285714285,0.0
2021-07-27,Daily hospital occupancy,457.0,3963.0,3.0,1854058.0,17838.0,37228.0,21.0,106708.0,35.0,20316563.42857143,12178036.285714285,8906375.42857143,0.0
2021-07-28,Daily hospital occupancy,465.0,3469.0,8.0,1857527.0,17846.0,33792.0,26.0,99745.0,42.0,20432385.57142857,12200172.714285715,9001104.57142857,0.0
2021-07-29,Daily hospital occupancy,471.0,4432.0,3.0,1861959.0,17849.0,31988.0,26.0,93198.0,42.0,20548207.714285713,12222309.142857144,9095833.714285715,0.0
2021-07-30,Daily hospital occupancy,475.0,3397.0,6.0,1865356.0,17855.0,28990.0,29.0,85298.0,46.0,20664029.85714286,12244445.57142857,9190562.857142856,0.0
2021-07-31,Daily hospital occupancy,486.0,2925.0,6.0,1868281.0,17861.0,26637.0,31.0,77182.0,52.0,20779852.0,12266582.0,9285292.0,0.0
2021-08-01,Daily hospital occupancy,496.0,2304.0,2.0,1870585.0,17863.0,24357.0,29.0,69351.0,53.0,20898172.714285713,12279720.57142857,9391250.285714285,0.0
2021-08-02,Daily hospital occupancy,522.0,2094.0,0.0,1872679.0,17863.0,22584.0,28.0,62558.0,51.0,21016493.42857143,12292859.142857144,9497208.57142857,0.0
2021-08-03,Daily hospital occupancy,520.0,2238.0,3.0,1874917.0,17866.0,20859.0,28.0,58087.0,49.0,21134814.14285714,12305997.714285715,9603166.857142856,0.0
2021-08-04,Daily hospital occupancy,470.0,2787.0,7.0,1877704.0,17873.0,20177.0,27.0,53969.0,53.0,21253134.85714286,12319136.285714285,9709125.142857144,0.0
2021-08-05,Daily hospital occupancy,474.0,3401.0,11.0,1881105.0,17884.0,19146.0,35.0,51134.0,61.0,21371455.57142857,12332274.857142856,9815083.42857143,0.0
2021-08-06,Daily hospital occupancy,473.0,2940.0,8.0,1884045.0,17892.0,18689.0,37.0,47679.0,66.0,21489776.285714287,12345413.42857143,9921041.714285715,0.0
2021-08-07,Daily hospital occupancy,475.0,2418.0,9.0,1886463.0,17901.0,18182.0,40.0,44819.0,71.0,21608097.0,12358552.0,10027000.0,0.0
2021-08-08,Daily hospital occupancy,473.0,2292.0,2.0,1888755.0,17903.0,18170.0,40.0,42527.0,69.0,21711592.14285714,12369479.285714285,10120216.0,0.0
2021-08-09,Daily hospital occupancy,478.0,2026.0,2.0,1890781.0,17905.0,18102.0,42.0,40686.0,70.0,21815087.285714287,12380406.57142857,10213432.0,0.0
2021-08-10,Daily hospital occupancy,472.0,2212.0,10.0,1892993.0,17915.0,18076.0,49.0,38935.0,77.0,21918582.42857143,12391333.857142856,10306648.0,0.0
2021-08-11,Daily hospital occupancy,446.0,2156.0,10.0,1895149.0,17925.0,17445.0,52.0,37622.0,79.0,22022077.57142857,12402261.142857144,10399864.0,0.0
2021-08-12,Daily hospital occupancy,439.0,2606.0,7.0,1897755.0,17932.0,16650.0,48.0,35796.0,83.0,22125572.714285713,12413188.42857143,10493080.0,0.0
2021-08-13,Daily hospital occupancy,450.0,2717.0,7.0,1900472.0,17939.0,16427.0,47.0,35116.0,84.0,22229067.85714286,12424115.714285715,10586296.0,0.0
2021-08-14,Daily hospital occupancy,454.0,2339.0,7.0,1902811.0,17946.0,16348.0,45.0,34530.0,85.0,22332563.0,12435043.0,10679512.0,0.0
2021-08-15,Daily hospital occupancy,471.0,2274.0,3.0,1905085.0,17949.0,16330.0,46.0,34500.0,86.0,22374896.57142857,12445352.857142856,10712074.714285715,0.0
2021-08-16,Daily hospital occupancy,504.0,2228.0,6.0,1907313.0,17955.0,16532.0,50.0,34634.0,92.0,22417230.14285714,12455662.714285715,10744637.42857143,0.0
2021-08-17,Daily hospital occupancy,488.0,2348.0,6.0,1909661.0,17961.0,16668.0,46.0,34744.0,95.0,22459563.714285713,12465972.57142857,10777200.142857144,0.0
2021-08-18,Daily hospital occupancy,469.0,2863.0,8.0,1912524.0,17969.0,17375.0,44.0,34820.0,96.0,22501897.285714287,12476282.42857143,10809762.857142856,0.0
2021-08-19,Daily hospital occupancy,452.0,2541.0,6.0,1915065.0,17975.0,17310.0,43.0,33960.0,91.0,22544230.85714286,12486592.285714285,10842325.57142857,0.0
2021-08-20,Daily hospital occupancy,452.0,2237.0,6.0,1917302.0,17981.0,16830.0,42.0,33257.0,89.0,22586564.42857143,12496902.142857144,10874888.285714285,0.0
2021-08-21,Daily hospital occupancy,439.0,2408.0,8.0,1919710.0,17989.0,16899.0,43.0,33247.0,88.0,22628898.0,12507212.0,10907451.0,0.0
2021-08-22,Daily hospital occupancy,441.0,2453.0,6.0,1922163.0,17995.0,17078.0,46.0,33408.0,92.0,22667163.85714286,12516318.714285715,10937083.42857143,0.0
2021-08-23,Daily hospital occupancy,454.0,2390.0,3.0,1924553.0,17998.0,17240.0,43.0,33772.0,93.0,22705429.714285713,12525425.42857143,10966715.857142856,0.0
2021-08-24,Daily hospital occupancy,461.0,2515.0,12.0,1927068.0,18010.0,17407.0,49.0,34075.0,95.0,22743695.57142857,12534532.142857144,10996348.285714285,0.0
2021-08-25,Daily hospital occupancy,446.0,2876.0,10.0,1929944.0,18020.0,17420.0,51.0,34795.0,95.0,22781961.42857143,12543638.857142856,11025980.714285715,0.0
2021-08-26,Daily hospital occupancy,440.0,2654.0,9.0,1932598.0,18029.0,17533.0,54.0,34843.0,97.0,22820227.285714287,12552745.57142857,11055613.142857144,0.0
2021-08-27,Daily hospital occupancy,437.0,2815.0,3.0,1935413.0,18032.0,18111.0,51.0,34941.0,93.0,22858493.14285714,12561852.285714285,11085245.57142857,0.0
2021-08-28,Daily hospital occupancy,421.0,2486.0,10.0,1937899.0,18042.0,18189.0,53.0,35088.0,96.0,22896759.0,12570959.0,11114878.0,0.0
2021-08-29,Daily hospital occupancy,418.0,2314.0,3.0,1940213.0,18045.0,18050.0,50.0,35128.0,96.0,22926791.714285713,12578492.0,11137832.142857144,0.0
2021-08-30,Daily hospital occupancy,469.0,2209.0,4.0,1942422.0,18049.0,17869.0,51.0,35109.0,94.0,22956824.42857143,12586025.0,11160786.285714285,0.0
2021-08-31,Daily hospital occupancy,459.0,2352.0,12.0,1944774.0,18061.0,17706.0,51.0,35113.0,100.0,22986857.14285714,12593558.0,11183740.42857143,0.0
2021-09-01,Daily hospital occupancy,436.0,2854.0,4.0,1947628.0,18065.0,17684.0,45.0,35104.0,96.0,23016889.85714286,12601091.0,11206694.57142857,0.0
2021-09-02,Daily hospital occupancy,442.0,2802.0,8.0,1950430.0,18073.0,17832.0,44.0,35365.0,98.0,23046922.57142857,12608624.0,11229648.714285715,0.0
2021-09-03,Daily hospital occupancy,439.0,2562.0,9.0,1952992.0,18082.0,17579.0,50.0,35690.0,101.0,23076955.285714287,12616157.0,11252602.857142856,0.0
2021-09-04,Daily hospital occupancy,442.0,2718.0,10.0,1955710.0,18092.0,17811.0,50.0,36000.0,103.0,23106988.0,12623690.0,11275557.0,0.0
2021-09-05,Daily hospital occupancy,467.0,2347.0,2.0,1958057.0,18094.0,17844.0,49.0,35894.0,99.0,23125506.714285713,12630469.57142857,11287747.57142857,0.0
2021-09-06,Daily hospital occupancy,462.0,2140.0,3.0,1960197.0,18097.0,17775.0,48.0,35644.0,99.0,23144025.42857143,12637249.142857144,11299938.142857144,0.0
2021-09-07,Daily hospital occupancy,463.0,2495.0,8.0,1962692.0,18105.0,17918.0,44.0,35624.0,95.0,23162544.14285714,12644028.714285715,11312128.714285715,0.0
2021-09-08,Daily hospital occupancy,452.0,2814.0,7.0,1965506.0,18112.0,17878.0,47.0,35562.0,92.0,23181062.85714286,12650808.285714285,11324319.285714285,0.0
2021-09-09,Daily hospital occupancy,443.0,2388.0,3.0,1967894.0,18115.0,17464.0,42.0,35296.0,86.0,23199581.57142857,12657587.857142856,11336509.857142856,0.0
2021-09-10,Daily hospital occupancy,462.0,2687.0,4.0,1970581.0,18119.0,17589.0,37.0,35168.0,87.0,23218100.285714287,12664367.42857143,11348700.42857143,0.0
2021-09-11,Daily hospital occupancy,439.0,2220.0,6.0,1972801.0,18125.0,17091.0,33.0,34902.0,83.0,23236619.0,12671147.0,11360891.0,0.0
2021-09-12,Daily hospital occupancy,435.0,10.0,0.0,1972811.0,18125.0,14754.0,31.0,32598.0,80.0,23257868.85714286,12680942.714285715,11373290.142857144,0.0
2021-09-13,Daily hospital occupancy,450.0,3841.0,5.0,1976652.0,18130.0,16455.0,33.0,34230.0,81.0,23279118.714285713,12690738.42857143,11385689.285714285,0.0
2021-09-14,Daily hospital occupancy,432.0,2031.0,11.0,1978683.0,18141.0,15991.0,36.0,33909.0,80.0,23300368.57142857,12700534.142857144,11398088.42857143,0.0
2021-09-15,Daily hospital occupancy,400.0,2354.0,7.0,1981037.0,18148.0,15531.0,36.0,33409.0,83.0,23321618.42857143,12710329.857142856,11410487.57142857,0.0
2021-09-16,Daily hospital occupancy,378.0,2130.0,8.0,1983167.0,18156.0,15273.0,41.0,32737.0,83.0,23342868.285714287,12720125.57142857,11422886.714285715,0.0
2021-09-17,Daily hospital occupancy,372.0,2155.0,10.0,1985322.0,18166.0,14741.0,47.0,32330.0,84.0,23364118.14285714,12729921.285714285,11435285.857142856,0.0
2021-09-18,Daily hospital occupancy,359.0,2000.0,4.0,1987322.0,18170.0,14521.0,45.0,31612.0,78.0,23385368.0,12739717.0,11447685.0,0.0
2021-09-19,Daily hospital occupancy,364.0,1684.0,3.0,1989006.0,18173.0,16195.0,48.0,30949.0,79.0,23405514.0,12749818.714285715,11459680.285714285,0.0
2021-09-20,Daily hospital occupancy,367.0,1352.0,10.0,1990358.0,18183.0,13706.0,53.0,30161.0,86.0,23425660.0,12759920.42857143,11471675.57142857,0.0
2021-09-21,Daily hospital occupancy,378.0,1693.0,6.0,1992051.0,18189.0,13368.0,48.0,29359.0,84.0,23445806.0,12770022.142857144,11483670.857142856,0.0
2021-09-22,Daily hospital occupancy,346.0,1915.0,4.0,1993966.0,18193.0,12929.0,45.0,28460.0,81.0,23465952.0,12780123.857142856,11495666.142857144,0.0
2021-09-23,Daily hospital occupancy,330.0,1840.0,12.0,1995806.0,18205.0,12639.0,49.0,27912.0,90.0,23486098.0,12790225.57142857,11507661.42857143,0.0
2021-09-24,Daily hospital occupancy,316.0,1700.0,4.0,1997506.0,18209.0,12184.0,43.0,26925.0,90.0,23506244.0,12800327.285714285,11519656.714285715,0.0
2021-09-25,Daily hospital occupancy,297.0,1608.0,3.0,1999114.0,18212.0,11792.0,42.0,26313.0,87.0,23526390.0,12810429.0,11531652.0,0.0
2021-09-26,Daily hospital occupancy,304.0,1597.0,1.0,2000711.0,18213.0,11705.0,40.0,27900.0,88.0,23544091.42857143,12819691.285714285,11542006.285714285,0.0
2021-09-27,Daily hospital occupancy,320.0,1409.0,7.0,2002120.0,18220.0,11762.0,37.0,25468.0,90.0,23561792.85714286,12828953.57142857,11552360.57142857,0.0
2021-09-28,Daily hospital occupancy,321.0,1735.0,8.0,2003855.0,18228.0,11804.0,39.0,25172.0,87.0,23579494.285714287,12838215.857142856,11562714.857142856,0.0
2021-09-29,Daily hospital occupancy,313.0,1755.0,6.0,2005610.0,18234.0,11644.0,41.0,24573.0,86.0,23597195.714285713,12847478.142857144,11573069.142857144,0.0
2021-09-30,Daily hospital occupancy,316.0,1723.0,2.0,2007333.0,18236.0,11527.0,31.0,24166.0,80.0,23614897.14285714,12856740.42857143,11583423.42857143,0.0
2021-10-01,Daily hospital occupancy,305.0,1721.0,6.0,2009054.0,18242.0,11548.0,33.0,23732.0,76.0,23632598.57142857,12866002.714285715,11593777.714285715,0.0
2021-10-02,Daily hospital occupancy,294.0,1674.0,5.0,2010728.0,18247.0,11614.0,35.0,23406.0,77.0,23650300.0,12875265.0,11604132.0,0.0
2021-10-03,Daily hospital occupancy,319.0,1617.0,1.0,2012345.0,18248.0,11634.0,35.0,23339.0,75.0,23665190.714285713,12881328.42857143,11613239.57142857,353.7142857142857
2021-10-04,Daily hospital occupancy,326.0,1645.0,4.0,2013990.0,18252.0,11870.0,32.0,23632.0,69.0,23680081.42857143,12887391.857142856,11622347.142857144,707.4285714285714
2021-10-05,Daily hospital occupancy,351.0,1882.0,7.0,2015872.0,18259.0,12017.0,31.0,23821.0,70.0,23694972.14285714,12893455.285714285,11631454.714285715,1061.142857142857
2021-10-06,Daily hospital occupancy,347.0,1908.0,3.0,2017780.0,18262.0,12170.0,28.0,23814.0,69.0,23709862.85714286,12899518.714285715,11640562.285714285,1414.857142857143
2021-10-07,Daily hospital occupancy,341.0,2777.0,6.0,2020557.0,18268.0,13224.0,32.0,24751.0,63.0,23724753.57142857,12905582.142857144,11649669.857142856,1768.5714285714287
2021-10-08,Daily hospital occupancy,339.0,2770.0,2.0,2023327.0,18270.0,14273.0,28.0,25821.0,61.0,23739644.285714287,12911645.57142857,11658777.42857143,2122.285714285714
2021-10-09,Daily hospital occupancy,343.0,2501.0,2.0,2025828.0,18272.0,15100.0,25.0,26714.0,60.0,23754535.0,12917709.0,11667885.0,2476.0
2021-10-10,Daily hospital occupancy,349.0,2266.0,1.0,2028094.0,18273.0,15749.0,25.0,27383.0,60.0,23769745.57142857,12922346.285714285,11676612.57142857,4886.571428571428
2021-10-11,Daily hospital occupancy,359.0,2711.0,5.0,2030805.0,18278.0,16815.0,26.0,28685.0,58.0,23784956.14285714,12926983.57142857,11685340.142857144,7297.142857142857
2021-10-12,Daily hospital occupancy,374.0,2904.0,7.0,2033709.0,18285.0,17837.0,26.0,29854.0,57.0,23800166.714285713,12931620.857142856,11694067.714285715,9707.714285714286
2021-10-13,Daily hospital occupancy,387.0,3727.0,12.0,2037436.0,18297.0,19656.0,35.0,31826.0,63.0,23815377.285714287,12936258.142857144,11702795.285714285,12118.285714285714
2021-10-14,Daily hospital occupancy,394.0,3630.0,4.0,2041066.0,18301.0,20509.0,33.0,33733.0,65.0,23830587.85714286,12940895.42857143,11711522.857142856,14528.857142857141
2021-10-15,Daily hospital occupancy,406.0,3710.0,7.0,2044776.0,18308.0,21449.0,38.0,35722.0,66.0,23845798.42857143,12945532.714285715,11720250.42857143,16939.428571428572
2021-10-16,Daily hospital occupancy,408.0,3707.0,5.0,2048483.0,18313.0,22655.0,41.0,37755.0,66.0,23861009.0,12950170.0,11728978.0,19350.0
2021-10-17,Daily hospital occupancy,411.0,3672.0,6.0,2052155.0,18319.0,24061.0,46.0,39810.0,71.0,23876490.14285714,12955198.857142856,11736655.857142856,22607.571428571428
2021-10-18,Daily hospital occupancy,464.0,3358.0,4.0,2055513.0,18323.0,24708.0,45.0,41523.0,71.0,23891971.285714287,12960227.714285715,11744333.714285715,25865.142857142855
2021-10-19,Daily hospital occupancy,465.0,3903.0,14.0,2059416.0,18337.0,25707.0,52.0,43544.0,78.0,23907452.42857143,12965256.57142857,11752011.57142857,29122.714285714286
2021-10-20,Daily hospital occupancy,485.0,4585.0,11.0,2064001.0,18348.0,26565.0,51.0,46221.0,86.0,23922933.57142857,12970285.42857143,11759689.42857143,32380.285714285714
2021-10-21,Daily hospital occupancy,496.0,5196.0,7.0,2069197.0,18355.0,28131.0,54.0,48640.0,87.0,23938414.714285713,12975314.285714285,11767367.285714285,35637.857142857145
2021-10-22,Daily hospital occupancy,524.0,5872.0,10.0,2075069.0,18365.0,30293.0,57.0,51742.0,95.0,23953895.85714286,12980343.142857144,11775045.142857144,38895.42857142857
2021-10-23,Daily hospital occupancy,524.0,5682.0,23.0,2080751.0,18388.0,32268.0,75.0,54923.0,116.0,23969377.0,12985372.0,11782723.0,42153.0
2021-10-24,Daily hospital occupancy,563.0,6290.0,1.0,2087041.0,18389.0,34886.0,70.0,58947.0,116.0,23985457.57142857,12991650.285714285,11790378.714285715,44955.57142857143
2021-10-25,Daily hospital occupancy,597.0,5298.0,6.0,2092339.0,18395.0,36826.0,72.0,61534.0,117.0,24001538.14285714,12997928.57142857,11798034.42857143,47758.142857142855
2021-10-26,Daily hospital occupancy,657.0,5751.0,20.0,2098090.0,18415.0,38674.0,78.0,64381.0,130.0,24017618.714285713,13004206.857142856,11805690.142857144,50560.71428571429
2021-10-27,Daily hospital occupancy,659.0,7262.0,17.0,2105352.0,18432.0,41351.0,84.0,67916.0,135.0,24033699.285714287,13010485.142857144,11813345.857142856,53363.28571428571
2021-10-28,Daily hospital occupancy,741.0,7685.0,14.0,2113037.0,18446.0,43840.0,91.0,71971.0,145.0,24049779.85714286,13016763.42857143,11821001.57142857,56165.857142857145
2021-10-29,Daily hospital occupancy,804.0,7393.0,13.0,2120430.0,18459.0,45361.0,94.0,75654.0,151.0,24065860.42857143,13023041.714285715,11828657.285714285,58968.42857142857
2021-10-30,Daily hospital occupancy,824.0,7944.0,13.0,2128374.0,18472.0,47623.0,84.0,79891.0,159.0,24081941.0,13029320.0,11836313.0,61771.0
2021-10-31,Daily hospital occupancy,902.0,8172.0,14.0,2136546.0,18486.0,49505.0,97.0,84391.0,167.0,24099820.14285714,13039453.714285715,11843311.285714285,63730.71428571428
2021-11-01,Daily hospital occupancy,976.0,7698.0,12.0,2144244.0,18498.0,51905.0,103.0,88731.0,175.0,24117699.285714287,13049587.42857143,11850309.57142857,65690.42857142857
2021-11-02,Daily hospital occupancy,1072.0,7730.0,18.0,2151974.0,18516.0,53884.0,101.0,92558.0,179.0,24135578.42857143,13059721.142857144,11857307.857142856,67650.14285714286
2021-11-03,Daily hospital occupancy,1060.0,9109.0,33.0,2161083.0,18549.0,55731.0,117.0,97082.0,201.0,24153457.57142857,13069854.857142856,11864306.142857144,69609.85714285714
2021-11-04,Daily hospital occupancy,1054.0,10214.0,23.0,2171297.0,18572.0,58260.0,126.0,102100.0,217.0,24171336.714285713,13079988.57142857,11871304.42857143,71569.57142857143
2021-11-05,Daily hospital occupancy,1064.0,10919.0,20.0,2182216.0,18592.0,61786.0,133.0,107147.0,227.0,24189215.85714286,13090122.285714285,11878302.714285715,73529.28571428571
2021-11-06,Daily hospital occupancy,1111.0,11954.0,36.0,2194170.0,18628.0,65796.0,156.0,113419.0,240.0,24207095.0,13100256.0,11885301.0,75489.0
2021-11-07,Daily hospital occupancy,1185.0,11350.0,8.0,2205520.0,18636.0,68974.0,150.0,118479.0,247.0,24224807.714285713,13109827.42857143,11892203.0,77425.42857142857
2021-11-08,Daily hospital occupancy,1247.0,11811.0,22.0,2217331.0,18658.0,73087.0,160.0,124992.0,263.0,24242520.42857143,13119398.857142856,11899105.0,79361.85714285714
2021-11-09,Daily hospital occupancy,1328.0,11282.0,29.0,2228613.0,18687.0,76639.0,171.0,130523.0,272.0,24260233.14285714,13128970.285714285,11906007.0,81298.28571428571
2021-11-10,Daily hospital occupancy,1320.0,12657.0,25.0,2241270.0,18712.0,80187.0,163.0,135918.0,280.0,24277945.85714286,13138541.714285715,11912909.0,83234.71428571429
2021-11-11,Daily hospital occupancy,1369.0,16287.0,26.0,2257557.0,18738.0,86260.0,166.0,144520.0,292.0,24295658.57142857,13148113.142857144,11919811.0,85171.14285714286
2021-11-12,Daily hospital occupancy,1402.0,16204.0,32.0,2273761.0,18770.0,91545.0,178.0,153331.0,311.0,24313371.285714287,13157684.57142857,11926713.0,87107.57142857142
2021-11-13,Daily hospital occupancy,1425.0,13854.0,33.0,2287615.0,18803.0,93445.0,175.0,159241.0,331.0,24331084.0,13167256.0,11933615.0,89044.0
2021-11-14,Daily hospital occupancy,1486.0,12024.0,6.0,2299639.0,18809.0,94119.0,173.0,163093.0,323.0,24347560.14285714,13174290.285714285,11940459.714285715,92083.71428571429
2021-11-15,Daily hospital occupancy,1605.0,19207.0,16.0,2318846.0,18825.0,101515.0,167.0,174602.0,327.0,24364036.285714287,13181324.57142857,11947304.42857143,95123.42857142857
2021-11-16,Daily hospital occupancy,1686.0,20172.0,35.0,2339018.0,18860.0,110405.0,173.0,187044.0,344.0,24380512.42857143,13188358.857142856,11954149.142857144,98163.14285714286
2021-11-17,Daily hospital occupancy,1675.0,20762.0,44.0,2359780.0,18904.0,118510.0,192.0,198697.0,355.0,24396988.57142857,13195393.142857144,11960993.857142856,101202.85714285714
2021-11-18,Daily hospital occupancy,1697.0,23597.0,34.0,2383377.0,18938.0,125820.0,200.0,212080.0,366.0,24413464.714285713,13202427.42857143,11967838.57142857,104242.57142857143
2021-11-19,Daily hospital occupancy,1719.0,21030.0,37.0,2404407.0,18975.0,130646.0,205.0,222191.0,383.0,24429940.85714286,13209461.714285715,11974683.285714285,107282.28571428571
2021-11-20,Daily hospital occupancy,1785.0,21797.0,55.0,2426204.0,19030.0,138589.0,227.0,232034.0,402.0,24446417.0,13216496.0,11981528.0,110322.0
2021-11-21,Daily hospital occupancy,1850.0,20643.0,11.0,2446847.0,19041.0,147208.0,232.0,241327.0,405.0,24492790.285714287,13221186.142857144,11989866.285714285,143981.42857142858
2021-11-22,Daily hospital occupancy,1960.0,23002.0,29.0,2469849.0,19070.0,151003.0,245.0,252518.0,412.0,24539163.57142857,13225876.285714285,11998204.57142857,177640.85714285716
2021-11-23,Daily hospital occupancy,2052.0,22960.0,53.0,2492809.0,19123.0,153791.0,263.0,264196.0,436.0,24585536.85714286,13230566.42857143,12006542.857142856,211300.2857142857
2021-11-24,Daily hospital occupancy,2030.0,23714.0,50.0,2516523.0,19173.0,156743.0,269.0,275253.0,461.0,24631910.14285714,13235256.57142857,12014881.142857144,244959.7142857143
2021-11-25,Daily hospital occupancy,2015.0,22187.0,60.0,2538710.0,19233.0,155333.0,295.0,281153.0,495.0,24678283.42857143,13239946.714285715,12023219.42857143,278619.14285714284
2021-11-26,Daily hospital occupancy,2070.0,21278.0,59.0,2559988.0,19292.0,155581.0,317.0,286227.0,522.0,24724656.714285713,13244636.857142856,12031557.714285715,312278.5714285714
2021-11-27,Daily hospital occupancy,2069.0,22033.0,55.0,2582021.0,19347.0,155817.0,317.0,294406.0,544.0,24771030.0,13249327.0,12039896.0,345938.0
2021-11-28,Daily hospital occupancy,2091.0,22133.0,45.0,2604154.0,19392.0,157307.0,351.0,304515.0,583.0,24826132.42857143,13252846.714285715,12048155.285714285,389439.28571428574
2021-11-29,Daily hospital occupancy,2209.0,21452.0,32.0,2625606.0,19424.0,155757.0,354.0,306760.0,599.0,24881234.85714286,13256366.42857143,12056414.57142857,432940.5714285714
2021-11-30,Daily hospital occupancy,2250.0,22158.0,65.0,2647764.0,19489.0,154955.0,366.0,308746.0,629.0,24936337.285714287,13259886.142857144,12064673.857142856,476441.85714285716
2021-12-01,Daily hospital occupancy,2181.0,18520.0,45.0,2666284.0,19534.0,149761.0,361.0,306504.0,630.0,24991439.714285713,13263405.857142856,12072933.142857144,519943.14285714284
2021-12-02,Daily hospital occupancy,2208.0,23043.0,65.0,2689327.0,19599.0,150617.0,366.0,305950.0,661.0,25046542.14285714,13266925.57142857,12081192.42857143,563444.4285714286
2021-12-03,Daily hospital occupancy,2125.0,21530.0,62.0,2710857.0,19661.0,150869.0,369.0,306450.0,686.0,25101644.57142857,13270445.285714285,12089451.714285715,606945.7142857143
2021-12-04,Daily hospital occupancy,2073.0,22617.0,56.0,2733474.0,19717.0,151453.0,370.0,307270.0,687.0,25156747.0,13273965.0,12097711.0,650447.0
2021-12-05,Daily hospital occupancy,2094.0,23078.0,26.0,2756552.0,19743.0,152398.0,351.0,309705.0,702.0,25241502.57142857,13276590.0,12105585.714285715,724834.2857142857
2021-12-06,Daily hospital occupancy,2134.0,20975.0,34.0,2777527.0,19777.0,151921.0,353.0,307678.0,707.0,25326258.14285714,13279215.0,12113460.42857143,799221.5714285714
2021-12-07,Daily hospital occupancy,2202.0,17916.0,68.0,2795443.0,19845.0,147679.0,356.0,302634.0,722.0,25411013.714285713,13281840.0,12121335.142857144,873608.8571428572
2021-12-08,Daily hospital occupancy,2198.0,18066.0,72.0,2813509.0,19917.0,147225.0,383.0,296986.0,744.0,25495769.285714287,13284465.0,12129209.857142856,947996.1428571428
2021-12-09,Daily hospital occupancy,2204.0,19770.0,77.0,2833279.0,19994.0,143952.0,395.0,294569.0,761.0,25580524.85714286,13287090.0,12137084.57142857,1022383.4285714285
2021-12-10,Daily hospital occupancy,2148.0,17475.0,85.0,2850754.0,20079.0,139897.0,418.0,290766.0,787.0,25665280.42857143,13289715.0,12144959.285714285,1096770.7142857143
2021-12-11,Daily hospital occupancy,2109.0,17712.0,70.0,2868466.0,20149.0,134992.0,432.0,286445.0,802.0,25750036.0,13292340.0,12152834.0,1171158.0
2021-12-12,Daily hospital occupancy,2120.0,16592.0,38.0,2885058.0,20187.0,128506.0,444.0,280904.0,795.0,25872869.714285713,13294517.57142857,12159262.285714285,1285473.7142857143
2021-12-13,Daily hospital occupancy,2118.0,13783.0,28.0,2898841.0,20215.0,121314.0,438.0,273235.0,791.0,25995703.42857143,13296695.142857144,12165690.57142857,1399789.4285714286
2021-12-14,Daily hospital occupancy,2110.0,12784.0,74.0,2911625.0,20289.0,116182.0,444.0,263861.0,800.0,26118537.14285714,13298872.714285715,12172118.857142856,1514105.1428571427
2021-12-15,Daily hospital occupancy,1996.0,13475.0,41.0,2925100.0,20330.0,111591.0,413.0,258816.0,796.0,26241370.85714286,13301050.285714285,12178547.142857144,1628420.8571428573
2021-12-16,Daily hospital occupancy,1923.0,16325.0,55.0,2941425.0,20385.0,108146.0,391.0,252098.0,786.0,26364204.57142857,13303227.857142856,12184975.42857143,1742736.5714285714
2021-12-17,Daily hospital occupancy,1834.0,15367.0,60.0,2956792.0,20445.0,106038.0,366.0,245935.0,784.0,26487038.285714287,13305405.42857143,12191403.714285715,1857052.2857142857
2021-12-18,Daily hospital occupancy,1736.0,14636.0,50.0,2971428.0,20495.0,102962.0,346.0,237954.0,778.0,26609872.0,13307583.0,12197832.0,1971368.0
2021-12-19,Daily hospital occupancy,1714.0,13259.0,48.0,2984687.0,20543.0,99629.0,356.0,228135.0,800.0,26787116.14285714,13308795.57142857,12201603.285714285,2143652.0
2021-12-20,Daily hospital occupancy,1815.0,12166.0,36.0,2996853.0,20579.0,98012.0,364.0,219326.0,802.0,26964360.285714287,13310008.142857144,12205374.57142857,2315936.0
2021-12-21,Daily hospital occupancy,1754.0,9313.0,30.0,3006166.0,20609.0,94541.0,320.0,210723.0,764.0,27141604.42857143,13311220.714285715,12209145.857142856,2488220.0
2021-12-22,Daily hospital occupancy,1674.0,13374.0,47.0,3019540.0,20656.0,94440.0,326.0,206031.0,739.0,27318848.57142857,13312433.285714285,12212917.142857144,2660504.0
2021-12-23,Daily hospital occupancy,1657.0,13345.0,40.0,3032885.0,20696.0,91460.0,311.0,199606.0,702.0,27496092.714285713,13313645.857142856,12216688.42857143,2832788.0
2021-12-24,Daily hospital occupancy,1580.0,12449.0,40.0,3045334.0,20736.0,88542.0,291.0,194580.0,657.0,27673336.85714286,13314858.42857143,12220459.714285715,3005072.0
2021-12-25,Daily hospital occupancy,1444.0,12564.0,44.0,3057898.0,20780.0,86470.0,285.0,189432.0,631.0,27850581.0,13316071.0,12224231.0,3177356.0
2021-12-26,Daily hospital occupancy,1442.0,11886.0,11.0,3069784.0,20791.0,85097.0,248.0,184726.0,604.0,28081221.285714287,13317291.42857143,12227628.0,3403407.5714285714
2021-12-27,Daily hospital occupancy,1464.0,11496.0,12.0,3081280.0,20803.0,84427.0,224.0,182439.0,588.0,28311861.57142857,13318511.857142856,12231025.0,3629459.1428571427
2021-12-28,Daily hospital occupancy,1471.0,9220.0,75.0,3090500.0,20878.0,84334.0,269.0,178875.0,589.0,28542501.85714286,13319732.285714285,12234422.0,3855510.7142857146
2021-12-29,Daily hospital occupancy,1450.0,15708.0,49.0,3106208.0,20927.0,86668.0,271.0,181108.0,597.0,28773142.14285714,13320952.714285715,12237819.0,4081562.2857142854
2021-12-30,Daily hospital occupancy,1365.0,14885.0,40.0,3121093.0,20967.0,88208.0,271.0,179668.0,582.0,29003782.42857143,13322173.142857144,12241216.0,4307613.857142857
2021-12-31,Daily hospital occupancy,1285.0,16849.0,32.0,3137942.0,20999.0,92608.0,263.0,181150.0,554.0,29234422.714285713,13323393.57142857,12244613.0,4533665.428571429
2022-01-01,Daily hospital occupancy,1188.0,15674.0,27.0,3153616.0,21026.0,95718.0,246.0,182188.0,531.0,29465063.0,13324614.0,12248010.0,4759717.0
2022-01-02,Daily hospital occupancy,1200.0,17478.0,6.0,3171094.0,21032.0,101310.0,241.0,186407.0,489.0,29733161.14285714,13326531.285714285,12251605.857142856,5022328.285714285
2022-01-03,Daily hospital occupancy,1255.0,14536.0,14.0,3185630.0,21046.0,104350.0,243.0,188777.0,467.0,30001259.285714287,13328448.57142857,12255201.714285715,5284939.571428572
2022-01-04,Daily hospital occupancy,1229.0,18913.0,19.0,3204543.0,21065.0,114043.0,187.0,198377.0,456.0,30269357.42857143,13330365.857142856,12258797.57142857,5547550.857142857
2022-01-05,Daily hospital occupancy,1185.0,24727.0,39.0,3229270.0,21104.0,123062.0,177.0,209730.0,448.0,30537455.57142857,13332283.142857144,12262393.42857143,5810162.142857143
2022-01-06,Daily hospital occupancy,1122.0,24575.0,12.0,3253845.0,21116.0,132752.0,149.0,220960.0,420.0,30805553.714285713,13334200.42857143,12265989.285714285,6072773.428571429
2022-01-07,Daily hospital occupancy,1107.0,35339.0,24.0,3289184.0,21140.0,151242.0,141.0,243850.0,404.0,31073651.85714286,13336117.714285715,12269585.142857144,6335384.714285715
2022-01-08,Daily hospital occupancy,1076.0,27890.0,8.0,3317074.0,21148.0,163458.0,122.0,259176.0,368.0,31341750.0,13338035.0,12273181.0,6597996.0
2022-01-09,Daily hospital occupancy,1073.0,32764.0,7.0,3349838.0,21155.0,178744.0,123.0,280054.0,364.0,31341750.0,13338035.0,12273181.0,6597996.0
